Workbook

Sheet Population
A1: Philippines | B1: 115377992 | F1: source | G1: https://psa.gov.ph/system/files/phcd/2022-12/Cities%2520and%2520Municipalities%2520Population%2520Projections_2015CBPP_Phils.pdf
A2: NCR | B2: 14521657 | F2: regions VI and VII include NIR (occidental and oriental, respectively
A3: CAR | B3: 1874281 | F3: these regions will not be processed due to difference in reporting of regions
A4: Region I | B4: 5458063
A5: Region II | B5: 3817144
A6: Region III | B6: 13239670
A7: Region IV-A | B7: 17477569
A8: Region IV-B | B8: 3342831
A9: Region V | B9: 6397690
A10: Region VI | B10: 8201699
A11: Region VII | B11: 8391707
A12: Region VIII | B12: 5049226
A13: Region IX | B13: 3901529
A14: Region X | B14: 5273604
A15: Region XI | B15: 5691183
... A18: BARMM | B18: 4635519

Sheet Diseases
A1: Rank | B1: Diseases | C1: Month | D1: Area | E1: Gender | F1: Cases | G1: Population | H1: Incidence Rate (per 100k)
A2: 1 | B2: Respiratory Diseases | C2: January | D2: National Capital Region | E2: Male | F2: 4447 | G2: 14521657 | H2: {=F2/G2*100000} -> 30.623227
A3: 2 | B3: Cardiovascular Diseases | C3: January | D3: National Capital Region | E3: Male | F3: 3297 | G3: 14521657 | H3: {=F3/G3*100000} -> 22.704021
A4: 3 | B4: Respiratory Diseases | C4: January | D4: National Capital Region | E4: Male | F4: 3344 | G4: 14521657 | H4: {=F4/G4*100000} -> 23.027675
A5: 4 | B5: Injuries & External Causes | C5: January | D5: National Capital Region | E5: Male | F5: 2842 | G5: 14521657 | H5: {=F5/G5*100000} -> 19.570769
A6: 5 | B6: Respiratory Diseases | C6: January | D6: National Capital Region | E6: Male | F6: 1360 | G6: 14521657 | H6: {=F6/G6*100000} -> 9.3653224
A7: 6 | B7: Cardiovascular Diseases | C7: January | D7: National Capital Region | E7: Male | F7: 767 | G7: 14521657 | H7: {=F7/G7*100000} -> 5.2817664
A8: 7 | B8: Skin & Soft Tissue Diseases | C8: January | D8: National Capital Region | E8: Male | F8: 733 | G8: 14521657 | H8: {=F8/G8*100000} -> 5.0476333
A9: 8 | B9: Respiratory Diseases | C9: January | D9: National Capital Region | E9: Male | F9: 757 | G9: 14521657 | H9: {=F9/G9*100000} -> 5.2129037
A10: 9 | B10: Respiratory Diseases | C10: January | D10: National Capital Region | E10: Male | F10: 727 | G10: 14521657 | H10: {=F10/G10*100000} -> 5.0063157
A11: 10 | B11: Digestive & Metabolic Disorders | C11: January | D11: National Capital Region | E11: Male | F11: 644 | G11: 14521657 | H11: {=F11/G11*100000} -> 4.4347556
A12: 1 | B12: Respiratory Diseases | C12: January | D12: Cordillera Administrative Region | E12: Male | F12: 7737 | G12: 1874281 | H12: {=F12/G12*100000} -> 412.79829
A13: 2 | B13: Cardiovascular Diseases | C13: January | D13: Cordillera Administrative Region | E13: Male | F13: 3088 | G13: 1874281 | H13: {=F13/G13*100000} -> 164.75651
... A71: 10 | B71: Genitourinary & Reproductive Health | C71: January | D71: Mimaropa | E71: Male | F71: 104 | G71: 3342831 | H71: {=F71/G71*100000} -> 3.1111354
A72: 1 | B72: No reported data | C72: January | D72: Bicol | E72: Male | F72: 0 | G72: 6397690 | H72: N/A
A73: 2 | B73: No reported data | C73: January | D73: Bicol | E73: Male | F73: 0 | G73: 6397690 | H73: N/A
A74: 3 | B74: No reported data | C74: January | D74: Bicol | E74: Male | F74: 0 | G74: 6397690 | H74: N/A
A75: 4 | B75: No reported data | C75: January | D75: Bicol | E75: Male | F75: 0 | G75: 6397690 | H75: N/A
A76: 5 | B76: No reported data | C76: January | D76: Bicol | E76: Male | F76: 0 | G76: 6397690 | H76: N/A
A77: 6 | B77: No reported data | C77: January | D77: Bicol | E77: Male | F77: 0 | G77: 6397690 | H77: N/A
A78: 7 | B78: No reported data | C78: January | D78: Bicol | E78: Male | F78: 0 | G78: 6397690 | H78: N/A
A79: 8 | B79: No reported data | C79: January | D79: Bicol | E79: Male | F79: 0 | G79: 6397690 | H79: N/A
A80: 9 | B80: No reported data | C80: January | D80: Bicol | E80: Male | F80: 0 | G80: 6397690 | H80: N/A
A81: 10 | B81: No reported data | C81: January | D81: Bicol | E81: Male | F81: 0 | G81: 6397690 | H81: N/A
A82: 1 | B82: Respiratory Diseases | C82: January | D82: Western Visayas | E82: Male | F82: 1084
A83: 2 | B83: Cardiovascular Diseases | C83: January | D83: Western Visayas | E83: Male | F83: 868
A84: 3 | B84: Respiratory Diseases | C84: January | D84: Western Visayas | E84: Male | F84: 839
A85: 4 | B85: Injuries & External Causes | C85: January | D85: Western Visayas | E85: Male | F85: 534
A86: 5 | B86: Genitourinary & Reproductive Health | C86: January | D86: Western Visayas | E86: Male | F86: 209
A87: 6 | B87: Respiratory Diseases | C87: January | D87: Western Visayas | E87: Male | F87: 267
A88: 7 | B88: Respiratory Diseases | C88: January | D88: Western Visayas | E88: Male | F88: 174
A89: 8 | B89: Skin & Soft Tissue Diseases | C89: January | D89: Western Visayas | E89: Male | F89: 50
A90: 9 | B90: Respiratory Diseases | C90: January | D90: Western Visayas | E90: Male | F90: 39
A91: 10 | B91: Digestive & Metabolic Disorders | C91: January | D91: Western Visayas | E91: Male | F91: 29
A92: 1 | B92: Respiratory Diseases | C92: January | D92: Central Visayas | E92: Male | F92: 5354
A93: 2 | B93: Injuries & External Causes | C93: January | D93: Central Visayas | E93: Male | F93: 5528
... A101: 10 | B101: Symptoms & Other Findings | C101: January | D101: Central Visayas | E101: Male | F101: 627
A102: 1 | B102: Symptoms & Other Findings | C102: January | D102: Eastern Visayas | E102: Male | F102: 1156 | G102: 5049226 | H102: {=F102/G102*100000} -> 22.894598
A103: 2 | B103: Respiratory Diseases | C103: January | D103: Eastern Visayas | E103: Male | F103: 278 | G103: 5049226 | H103: {=F103/G103*100000} -> 5.5057944
A104: 3 | B104: Infectious & Parasitic Diseases | C104: January | D104: Eastern Visayas | E104: Male | F104: 127 | G104: 5049226 | H104: {=F104/G104*100000} -> 2.515237
A105: 4 | B105: Cardiovascular Diseases | C105: January | D105: Eastern Visayas | E105: Male | F105: 49 | G105: 5049226 | H105: {=F105/G105*100000} -> 0.97044577
A106: 5 | B106: Symptoms & Other Findings | C106: January | D106: Eastern Visayas | E106: Male | F106: 31 | G106: 5049226 | H106: {=F106/G106*100000} -> 0.61395549
A107: 6 | B107: Infectious & Parasitic Diseases | C107: January | D107: Eastern Visayas | E107: Male | F107: 8 | G107: 5049226 | H107: {=F107/G107*100000} -> 0.15844013
A108: 7 | B108: Infectious & Parasitic Diseases | C108: January | D108: Eastern Visayas | E108: Male | F108: 5 | G108: 5049226 | H108: {=F108/G108*100000} -> 0.099025078
A109: 8 | B109: Respiratory Diseases | C109: January | D109: Eastern Visayas | E109: Male | F109: 2 | G109: 5049226 | H109: {=F109/G109*100000} -> 0.039610031
A110: 9 | B110: Infectious & Parasitic Diseases | C110: January | D110: Eastern Visayas | E110: Male | F110: 2 | G110: 5049226 | H110: {=F110/G110*100000} -> 0.039610031
A111: 10 | B111: Infectious & Parasitic Diseases | C111: January | D111: Eastern Visayas | E111: Male | F111: 0 | G111: 5049226 | H111: {=F111/G111*100000} -> 0
A112: 1 | B112: Respiratory Diseases | C112: January | D112: Zamboanga Peninsula | E112: Male | F112: 3228 | G112: 3901529 | H112: {=F112/G112*100000} -> 82.736794
A113: 2 | B113: Injuries & External Causes | C113: January | D113: Zamboanga Peninsula | E113: Male | F113: 3135 | G113: 3901529 | H113: {=F113/G113*100000} -> 80.353113
... A171: 10 | B171: Symptoms & Other Findings | C171: January | D171: BARMM | E171: Male | F171: 257 | G171: 4635519 | H171: {=F171/G171*100000} -> 5.5441473
A172: 1 | B172: Respiratory Diseases | C172: January | D172: NIR | E172: Male | F172: 3768
A173: 2 | B173: Respiratory Diseases | C173: January | D173: NIR | E173: Male | F173: 1153
A174: 3 | B174: Injuries & External Causes | C174: January | D174: NIR | E174: Male | F174: 637
A175: 4 | B175: Respiratory Diseases | C175: January | D175: NIR | E175: Male | F175: 761
A176: 5 | B176: Respiratory Diseases | C176: January | D176: NIR | E176: Male | F176: 601
A177: 6 | B177: Genitourinary & Reproductive Health | C177: January | D177: NIR | E177: Male | F177: 668
A178: 7 | B178: Cardiovascular Diseases | C178: January | D178: NIR | E178: Male | F178: 640
A179: 8 | B179: Infectious & Parasitic Diseases | C179: January | D179: NIR | E179: Male | F179: 231
A180: 9 | B180: Musculoskeletal Diseases | C180: January | D180: NIR | E180: Male | F180: 276
A181: 10 | B181: Skin & Soft Tissue Diseases | C181: January | D181: NIR | E181: Male | F181: 217
A182: 1 | B182: Injuries & External Causes | C182: February | D182: National Capital Region | E182: Male | F182: 4468 | G182: 14521657 | H182: {=F182/G182*100000} -> 30.767839
A183: 2 | B183: Respiratory Diseases | C183: February | D183: National Capital Region | E183: Male | F183: 4093 | G183: 14521657 | H183: {=F183/G183*100000} -> 28.185489
A184: 3 | B184: Cardiovascular Diseases | C184: February | D184: National Capital Region | E184: Male | F184: 3020 | G184: 14521657 | H184: {=F184/G184*100000} -> 20.796525
A185: 4 | B185: Respiratory Diseases | C185: February | D185: National Capital Region | E185: Male | F185: 3272 | G185: 14521657 | H185: {=F185/G185*100000} -> 22.531864
A186: 5 | B186: Symptoms & Other Findings | C186: February | D186: National Capital Region | E186: Male | F186: 2206 | G186: 14521657 | H186: {=F186/G186*100000} -> 15.191104
A187: 6 | B187: Respiratory Diseases | C187: February | D187: National Capital Region | E187: Male | F187: 2332 | G187: 14521657 | H187: {=F187/G187*100000} -> 16.058773
A188: 7 | B188: Digestive & Metabolic Disorders | C188: February | D188: National Capital Region | E188: Male | F188: 991 | G188: 14521657 | H188: {=F188/G188*100000} -> 6.8242901
A189: 8 | B189: Respiratory Diseases | C189: February | D189: National Capital Region | E189: Male | F189: 1003 | G189: 14521657 | H189: {=F189/G189*100000} -> 6.9069253
A190: 9 | B190: Genitourinary & Reproductive Health | C190: February | D190: National Capital Region | E190: Male | F190: 616 | G190: 14521657 | H190: {=F190/G190*100000} -> 4.2419402
A191: 10 | B191: Digestive & Metabolic Disorders | C191: February | D191: National Capital Region | E191: Male | F191: 693 | G191: 14521657 | H191: {=F191/G191*100000} -> 4.7721827
A192: 1 | B192: Respiratory Diseases | C192: February | D192: Cordillera Administrative Region | E192: Male | F192: 8100 | G192: 1874281 | H192: {=F192/G192*100000} -> 432.16572
A193: 2 | B193: Cardiovascular Diseases | C193: February | D193: Cordillera Administrative Region | E193: Male | F193: 2737 | G193: 1874281 | H193: {=F193/G193*100000} -> 146.02933
... A251: 10 | B251: Digestive & Metabolic Disorders | C251: February | D251: Mimaropa | E251: Male | F251: 157 | G251: 3342831 | H251: {=F251/G251*100000} -> 4.6966179
A252: 1 | B252: No reported data | C252: February | D252: Bicol | E252: Male | F252: 0 | G252: 6397690 | H252: N/A
A253: 2 | B253: No reported data | C253: February | D253: Bicol | E253: Male | F253: 0 | G253: 6397690 | H253: N/A
A254: 3 | B254: No reported data | C254: February | D254: Bicol | E254: Male | F254: 0 | G254: 6397690 | H254: N/A
A255: 4 | B255: No reported data | C255: February | D255: Bicol | E255: Male | F255: 0 | G255: 6397690 | H255: N/A
A256: 5 | B256: No reported data | C256: February | D256: Bicol | E256: Male | F256: 0 | G256: 6397690 | H256: N/A
A257: 6 | B257: No reported data | C257: February | D257: Bicol | E257: Male | F257: 0 | G257: 6397690 | H257: N/A
A258: 7 | B258: No reported data | C258: February | D258: Bicol | E258: Male | F258: 0 | G258: 6397690 | H258: N/A
A259: 8 | B259: No reported data | C259: February | D259: Bicol | E259: Male | F259: 0 | G259: 6397690 | H259: N/A
A260: 9 | B260: No reported data | C260: February | D260: Bicol | E260: Male | F260: 0 | G260: 6397690 | H260: N/A
A261: 10 | B261: No reported data | C261: February | D261: Bicol | E261: Male | F261: 0 | G261: 6397690 | H261: N/A
A262: 1 | B262: Respiratory Diseases | C262: February | D262: Western Visayas | E262: Male | F262: 1340
A263: 2 | B263: Cardiovascular Diseases | C263: February | D263: Western Visayas | E263: Male | F263: 754
A264: 3 | B264: Respiratory Diseases | C264: February | D264: Western Visayas | E264: Male | F264: 673
A265: 4 | B265: Injuries & External Causes | C265: February | D265: Western Visayas | E265: Male | F265: 414
A266: 5 | B266: Genitourinary & Reproductive Health | C266: February | D266: Western Visayas | E266: Male | F266: 191
A267: 6 | B267: Respiratory Diseases | C267: February | D267: Western Visayas | E267: Male | F267: 349
A268: 7 | B268: Respiratory Diseases | C268: February | D268: Western Visayas | E268: Male | F268: 198
A269: 8 | B269: Respiratory Diseases | C269: February | D269: Western Visayas | E269: Male | F269: 48
A270: 9 | B270: Respiratory Diseases | C270: February | D270: Western Visayas | E270: Male | F270: 32
A271: 10 | B271: Cardiovascular Diseases | C271: February | D271: Western Visayas | E271: Male | F271: 21
A272: 1 | B272: Cardiovascular Diseases | C272: February | D272: Central Visayas | E272: Male | F272: 2279
A273: 2 | B273: Injuries & External Causes | C273: February | D273: Central Visayas | E273: Male | F273: 2275
... A281: 10 | B281: Respiratory Diseases | C281: February | D281: Central Visayas | E281: Male | F281: 462
A282: 1 | B282: Symptoms & Other Findings | C282: February | D282: Eastern Visayas | E282: Male | F282: 1547 | G282: 5049226 | H282: {=F282/G282*100000} -> 30.638359
A283: 2 | B283: Respiratory Diseases | C283: February | D283: Eastern Visayas | E283: Male | F283: 262 | G283: 5049226 | H283: {=F283/G283*100000} -> 5.1889141
A284: 3 | B284: Infectious & Parasitic Diseases | C284: February | D284: Eastern Visayas | E284: Male | F284: 118 | G284: 5049226 | H284: {=F284/G284*100000} -> 2.3369918
A285: 4 | B285: Cardiovascular Diseases | C285: February | D285: Eastern Visayas | E285: Male | F285: 36 | G285: 5049226 | H285: {=F285/G285*100000} -> 0.71298056
...

Sheet Total Cases
A1: Diseases | B1: Month | C1: Area | D1: Total Cases (M+F) | E1: Population | F1: Incidence Rate (per 100k)
A2: Respiratory Diseases | B2: January | C2: National Capital Region | D2: {=_xlfn.SUMIFS('Diseases'!F2:F4303,'Diseases'!B2:B4303,A2,'Diseases'!C2:C4303,B2,'Diseases'!D2:D4303,C2)} -> 22804 | E2: {=_xlfn.IFERROR(IF(INDEX('Diseases'!G2:G4303,MATCH(C2,'Diseases'!D2:D4303,0))="","",INDEX('Diseases'!G2:G4303,MATCH(C2,'Diseases'!D2:D4303,0))),"")} -> 14521657 | F2: {=_xlfn.IFERROR(IF(E2="","",D2/E2*100000),"")} -> 157.03442
A3: Cardiovascular Diseases | B3: January | C3: National Capital Region | D3: {=_xlfn.SUMIFS('Diseases'!F2:F4303,'Diseases'!B2:B4303,A3,'Diseases'!C2:C4303,B3,'Diseases'!D2:D4303,C3)} -> 9819 | E3: {=_xlfn.IFERROR(IF(INDEX('Diseases'!G2:G4303,MATCH(C3,'Diseases'!D2:D4303,0))="","",INDEX('Diseases'!G2:G4303,MATCH(C3,'Diseases'!D2:D4303,0))),"")} -> 14521657 | F3: {=_xlfn.IFERROR(IF(E3="","",D3/E3*100000),"")} -> 67.616251
A4: Injuries & External Causes | B4: January | C4: National Capital Region | D4: {=_xlfn.SUMIFS('Diseases'!F2:F4303,'Diseases'!B2:B4303,A4,'Diseases'!C2:C4303,B4,'Diseases'!D2:D4303,C4)} -> 6497 | E4: {=_xlfn.IFERROR(IF(INDEX('Diseases'!G2:G4303,MATCH(C4,'Diseases'!D2:D4303,0))="","",INDEX('Diseases'!G2:G4303,MATCH(C4,'Diseases'!D2:D4303,0))),"")} -> 14521657 | F4: {=_xlfn.IFERROR(IF(E4="","",D4/E4*100000),"")} -> 44.740073
A5: Skin & Soft Tissue Diseases | B5: January | C5: National Capital Region | D5: {=_xlfn.SUMIFS('Diseases'!F2:F4303,'Diseases'!B2:B4303,A5,'Diseases'!C2:C4303,B5,'Diseases'!D2:D4303,C5)} -> 1534 | E5: {=_xlfn.IFERROR(IF(INDEX('Diseases'!G2:G4303,MATCH(C5,'Diseases'!D2:D4303,0))="","",INDEX('Diseases'!G2:G4303,MATCH(C5,'Diseases'!D2:D4303,0))),"")} -> 14521657 | F5: {=_xlfn.IFERROR(IF(E5="","",D5/E5*100000),"")} -> 10.563533
A6: Digestive & Metabolic Disorders | B6: January | C6: National Capital Region | D6: {=_xlfn.SUMIFS('Diseases'!F2:F4303,'Diseases'!B2:B4303,A6,'Diseases'!C2:C4303,B6,'Diseases'!D2:D4303,C6)} -> 1422 | E6: {=_xlfn.IFERROR(IF(INDEX('Diseases'!G2:G4303,MATCH(C6,'Diseases'!D2:D4303,0))="","",INDEX('Diseases'!G2:G4303,MATCH(C6,'Diseases'!D2:D4303,0))),"")} -> 14521657 | F6: {=_xlfn.IFERROR(IF(E6="","",D6/E6*100000),"")} -> 9.792271
A7: Respiratory Diseases | B7: February | C7: National Capital Region | D7: {=_xlfn.SUMIFS('Diseases'!F2:F4303,'Diseases'!B2:B4303,A7,'Diseases'!C2:C4303,B7,'Diseases'!D2:D4303,C7)} -> 22824 | E7: {=_xlfn.IFERROR(IF(INDEX('Diseases'!G2:G4303,MATCH(C7,'Diseases'!D2:D4303,0))="","",INDEX('Diseases'!G2:G4303,MATCH(C7,'Diseases'!D2:D4303,0))),"")} -> 14521657 | F7: {=_xlfn.IFERROR(IF(E7="","",D7/E7*100000),"")} -> 157.17215
A8: Injuries & External Causes | B8: February | C8: National Capital Region | D8: {=_xlfn.SUMIFS('Diseases'!F2:F4303,'Diseases'!B2:B4303,A8,'Diseases'!C2:C4303,B8,'Diseases'!D2:D4303,C8)} -> 10177 | E8: {=_xlfn.IFERROR(IF(INDEX('Diseases'!G2:G4303,MATCH(C8,'Diseases'!D2:D4303,0))="","",INDEX('Diseases'!G2:G4303,MATCH(C8,'Diseases'!D2:D4303,0))),"")} -> 14521657 | F8: {=_xlfn.IFERROR(IF(E8="","",D8/E8*100000),"")} -> 70.081534
A9: Cardiovascular Diseases | B9: February | C9: National Capital Region | D9: {=_xlfn.SUMIFS('Diseases'!F2:F4303,'Diseases'!B2:B4303,A9,'Diseases'!C2:C4303,B9,'Diseases'!D2:D4303,C9)} -> 7527 | E9: {=_xlfn.IFERROR(IF(INDEX('Diseases'!G2:G4303,MATCH(C9,'Diseases'!D2:D4303,0))="","",INDEX('Diseases'!G2:G4303,MATCH(C9,'Diseases'!D2:D4303,0))),"")} -> 14521657 | F9: {=_xlfn.IFERROR(IF(E9="","",D9/E9*100000),"")} -> 51.832928
A10: Symptoms & Other Findings | B10: February | C10: National Capital Region | D10: {=_xlfn.SUMIFS('Diseases'!F2:F4303,'Diseases'!B2:B4303,A10,'Diseases'!C2:C4303,B10,'Diseases'!D2:D4303,C10)} -> 5642 | E10: {=_xlfn.IFERROR(IF(INDEX('Diseases'!G2:G4303,MATCH(C10,'Diseases'!D2:D4303,0))="","",INDEX('Diseases'!G2:G4303,MATCH(C10,'Diseases'!D2:D4303,0))),"")} -> 14521657 | F10: {=_xlfn.IFERROR(IF(E10="","",D10/E10*100000),"")} -> 38.852316
A11: Digestive & Metabolic Disorders | B11: February | C11: National Capital Region | D11: {=_xlfn.SUMIFS('Diseases'!F2:F4303,'Diseases'!B2:B4303,A11,'Diseases'!C2:C4303,B11,'Diseases'!D2:D4303,C11)} -> 4161 | E11: {=_xlfn.IFERROR(IF(INDEX('Diseases'!G2:G4303,MATCH(C11,'Diseases'!D2:D4303,0))="","",INDEX('Diseases'!G2:G4303,MATCH(C11,'Diseases'!D2:D4303,0))),"")} -> 14521657 | F11: {=_xlfn.IFERROR(IF(E11="","",D11/E11*100000),"")} -> 28.653755
A12: Genitourinary & Reproductive Health | B12: February | C12: National Capital Region | D12: {=_xlfn.SUMIFS('Diseases'!F2:F4303,'Diseases'!B2:B4303,A12,'Diseases'!C2:C4303,B12,'Diseases'!D2:D4303,C12)} -> 1895 | E12: {=_xlfn.IFERROR(IF(INDEX('Diseases'!G2:G4303,MATCH(C12,'Diseases'!D2:D4303,0))="","",INDEX('Diseases'!G2:G4303,MATCH(C12,'Diseases'!D2:D4303,0))),"")} -> 14521657 | F12: {=_xlfn.IFERROR(IF(E12="","",D12/E12*100000),"")} -> 13.049475
A13: Respiratory Diseases | B13: March | C13: National Capital Region | D13: {=_xlfn.SUMIFS('Diseases'!F2:F4303,'Diseases'!B2:B4303,A13,'Diseases'!C2:C4303,B13,'Diseases'!D2:D4303,C13)} -> 22556 | E13: {=_xlfn.IFERROR(IF(INDEX('Diseases'!G2:G4303,MATCH(C13,'Diseases'!D2:D4303,0))="","",INDEX('Diseases'!G2:G4303,MATCH(C13,'Diseases'!D2:D4303,0))),"")} -> 14521657 | F13: {=_xlfn.IFERROR(IF(E13="","",D13/E13*100000),"")} -> 155.32663
A14: Cardiovascular Diseases | B14: March | C14: National Capital Region | D14: {=_xlfn.SUMIFS('Diseases'!F2:F4303,'Diseases'!B2:B4303,A14,'Diseases'!C2:C4303,B14,'Diseases'!D2:D4303,C14)} -> 12965 | E14: {=_xlfn.IFERROR(IF(INDEX('Diseases'!G2:G4303,MATCH(C14,'Diseases'!D2:D4303,0))="","",INDEX('Diseases'!G2:G4303,MATCH(C14,'Diseases'!D2:D4303,0))),"")} -> 14521657 | F14: {=_xlfn.IFERROR(IF(E14="","",D14/E14*100000),"")} -> 89.280445
A15: Injuries & External Causes | B15: March | C15: National Capital Region | D15: {=_xlfn.SUMIFS('Diseases'!F2:F4303,'Diseases'!B2:B4303,A15,'Diseases'!C2:C4303,B15,'Diseases'!D2:D4303,C15)} -> 11179 | E15: {=_xlfn.IFERROR(IF(INDEX('Diseases'!G2:G4303,MATCH(C15,'Diseases'!D2:D4303,0))="","",INDEX('Diseases'!G2:G4303,MATCH(C15,'Diseases'!D2:D4303,0))),"")} -> 14521657 | F15: {=_xlfn.IFERROR(IF(E15="","",D15/E15*100000),"")} -> 76.981573
A16: Digestive & Metabolic Disorders | B16: March | C16: National Capital Region | D16: {=_xlfn.SUMIFS('Diseases'!F2:F4303,'Diseases'!B2:B4303,A16,'Diseases'!C2:C4303,B16,'Diseases'!D2:D4303,C16)} -> 3722 | E16: {=_xlfn.IFERROR(IF(INDEX('Diseases'!G2:G4303,MATCH(C16,'Diseases'!D2:D4303,0))="","",INDEX('Diseases'!G2:G4303,MATCH(C16,'Diseases'!D2:D4303,0))),"")} -> 14521657 | F16: {=_xlfn.IFERROR(IF(E16="","",D16/E16*100000),"")} -> 25.630684
A17: Genitourinary & Reproductive Health | B17: March | C17: National Capital Region | D17: {=_xlfn.SUMIFS('Diseases'!F2:F4303,'Diseases'!B2:B4303,A17,'Diseases'!C2:C4303,B17,'Diseases'!D2:D4303,C17)} -> 1514 | E17: {=_xlfn.IFERROR(IF(INDEX('Diseases'!G2:G4303,MATCH(C17,'Diseases'!D2:D4303,0))="","",INDEX('Diseases'!G2:G4303,MATCH(C17,'Diseases'!D2:D4303,0))),"")} -> 14521657 | F17: {=_xlfn.IFERROR(IF(E17="","",D17/E17*100000),"")} -> 10.425807
A18: Symptoms & Other Findings | B18: March | C18: National Capital Region | D18: {=_xlfn.SUMIFS('Diseases'!F2:F4303,'Diseases'!B2:B4303,A18,'Diseases'!C2:C4303,B18,'Diseases'!D2:D4303,C18)} -> 1505 | E18: {=_xlfn.IFERROR(IF(INDEX('Diseases'!G2:G4303,MATCH(C18,'Diseases'!D2:D4303,0))="","",INDEX('Diseases'!G2:G4303,MATCH(C18,'Diseases'!D2:D4303,0))),"")} -> 14521657 | F18: {=_xlfn.IFERROR(IF(E18="","",D18/E18*100000),"")} -> 10.363831
A19: Respiratory Diseases | B19: April | C19: National Capital Region | D19: {=_xlfn.SUMIFS('Diseases'!F2:F4303,'Diseases'!B2:B4303,A19,'Diseases'!C2:C4303,B19,'Diseases'!D2:D4303,C19)} -> 300285 | E19: {=_xlfn.IFERROR(IF(INDEX('Diseases'!G2:G4303,MATCH(C19,'Diseases'!D2:D4303,0))="","",INDEX('Diseases'!G2:G4303,MATCH(C19,'Diseases'!D2:D4303,0))),"")} -> 14521657 | F19: {=_xlfn.IFERROR(IF(E19="","",D19/E19*100000),"")} -> 2067.8425
A20: Cardiovascular Diseases | B20: April | C20: National Capital Region | D20: {=_xlfn.SUMIFS('Diseases'!F2:F4303,'Diseases'!B2:B4303,A20,'Diseases'!C2:C4303,B20,'Diseases'!D2:D4303,C20)} -> 228345 | E20: {=_xlfn.IFERROR(IF(INDEX('Diseases'!G2:G4303,MATCH(C20,'Diseases'!D2:D4303,0))="","",INDEX('Diseases'!G2:G4303,MATCH(C20,'Diseases'!D2:D4303,0))),"")} -> 14521657 | F20: {=_xlfn.IFERROR(IF(E20="","",D20/E20*100000),"")} -> 1572.4445
A21: Injuries & External Causes | B21: April | C21: National Capital Region | D21: {=_xlfn.SUMIFS('Diseases'!F2:F4303,'Diseases'!B2:B4303,A21,'Diseases'!C2:C4303,B21,'Diseases'!D2:D4303,C21)} -> 152085 | E21: {=_xlfn.IFERROR(IF(INDEX('Diseases'!G2:G4303,MATCH(C21,'Diseases'!D2:D4303,0))="","",INDEX('Diseases'!G2:G4303,MATCH(C21,'Diseases'!D2:D4303,0))),"")} -> 14521657 | F21: {=_xlfn.IFERROR(IF(E21="","",D21/E21*100000),"")} -> 1047.2978
A22: Digestive & Metabolic Disorders | B22: April | C22: National Capital Region | D22: {=_xlfn.SUMIFS('Diseases'!F2:F4303,'Diseases'!B2:B4303,A22,'Diseases'!C2:C4303,B22,'Diseases'!D2:D4303,C22)} -> 85455 | E22: {=_xlfn.IFERROR(IF(INDEX('Diseases'!G2:G4303,MATCH(C22,'Diseases'!D2:D4303,0))="","",INDEX('Diseases'!G2:G4303,MATCH(C22,'Diseases'!D2:D4303,0))),"")} -> 14521657 | F22: {=_xlfn.IFERROR(IF(E22="","",D22/E22*100000),"")} -> 588.4659
A23: Skin & Soft Tissue Diseases | B23: April | C23: National Capital Region | D23: {=_xlfn.SUMIFS('Diseases'!F2:F4303,'Diseases'!B2:B4303,A23,'Diseases'!C2:C4303,B23,'Diseases'!D2:D4303,C23)} -> 20280 | E23: {=_xlfn.IFERROR(IF(INDEX('Diseases'!G2:G4303,MATCH(C23,'Diseases'!D2:D4303,0))="","",INDEX('Diseases'!G2:G4303,MATCH(C23,'Diseases'!D2:D4303,0))),"")} -> 14521657 | F23: {=_xlfn.IFERROR(IF(E23="","",D23/E23*100000),"")} -> 139.65348
A24: Respiratory Diseases | B24: May | C24: National Capital Region | D24: {=_xlfn.SUMIFS('Diseases'!F2:F4303,'Diseases'!B2:B4303,A24,'Diseases'!C2:C4303,B24,'Diseases'!D2:D4303,C24)} -> 19527 | E24: {=_xlfn.IFERROR(IF(INDEX('Diseases'!G2:G4303,MATCH(C24,'Diseases'!D2:D4303,0))="","",INDEX('Diseases'!G2:G4303,MATCH(C24,'Diseases'!D2:D4303,0))),"")} -> 14521657 | F24: {=_xlfn.IFERROR(IF(E24="","",D24/E24*100000),"")} -> 134.46813
A25: Cardiovascular Diseases | B25: May | C25: National Capital Region | D25: {=_xlfn.SUMIFS('Diseases'!F2:F4303,'Diseases'!B2:B4303,A25,'Diseases'!C2:C4303,B25,'Diseases'!D2:D4303,C25)} -> 17015 | E25: {=_xlfn.IFERROR(IF(INDEX('Diseases'!G2:G4303,MATCH(C25,'Diseases'!D2:D4303,0))="","",INDEX('Diseases'!G2:G4303,MATCH(C25,'Diseases'!D2:D4303,0))),"")} -> 14521657 | F25: {=_xlfn.IFERROR(IF(E25="","",D25/E25*100000),"")} -> 117.16982
A26: Digestive & Metabolic Disorders | B26: May | C26: National Capital Region | D26: {=_xlfn.SUMIFS('Diseases'!F2:F4303,'Diseases'!B2:B4303,A26,'Diseases'!C2:C4303,B26,'Diseases'!D2:D4303,C26)} -> 12754 | E26: {=_xlfn.IFERROR(IF(INDEX('Diseases'!G2:G4303,MATCH(C26,'Diseases'!D2:D4303,0))="","",INDEX('Diseases'!G2:G4303,MATCH(C26,'Diseases'!D2:D4303,0))),"")} -> 14521657 | F26: {=_xlfn.IFERROR(IF(E26="","",D26/E26*100000),"")} -> 87.827443
A27: Injuries & External Causes | B27: May | C27: National Capital Region | D27: {=_xlfn.SUMIFS('Diseases'!F2:F4303,'Diseases'!B2:B4303,A27,'Diseases'!C2:C4303,B27,'Diseases'!D2:D4303,C27)} -> 10609 | E27: {=_xlfn.IFERROR(IF(INDEX('Diseases'!G2:G4303,MATCH(C27,'Diseases'!D2:D4303,0))="","",INDEX('Diseases'!G2:G4303,MATCH(C27,'Diseases'!D2:D4303,0))),"")} -> 14521657 | F27: {=_xlfn.IFERROR(IF(E27="","",D27/E27*100000),"")} -> 73.056401
A28: Skin & Soft Tissue Diseases | B28: May | C28: National Capital Region | D28: {=_xlfn.SUMIFS('Diseases'!F2:F4303,'Diseases'!B2:B4303,A28,'Diseases'!C2:C4303,B28,'Diseases'!D2:D4303,C28)} -> 5788 | E28: {=_xlfn.IFERROR(IF(INDEX('Diseases'!G2:G4303,MATCH(C28,'Diseases'!D2:D4303,0))="","",INDEX('Diseases'!G2:G4303,MATCH(C28,'Diseases'!D2:D4303,0))),"")} -> 14521657 | F28: {=_xlfn.IFERROR(IF(E28="","",D28/E28*100000),"")} -> 39.85771
A29: Genitourinary & Reproductive Health | B29: May | C29: National Capital Region | D29: {=_xlfn.SUMIFS('Diseases'!F2:F4303,'Diseases'!B2:B4303,A29,'Diseases'!C2:C4303,B29,'Diseases'!D2:D4303,C29)} -> 3375 | E29: {=_xlfn.IFERROR(IF(INDEX('Diseases'!G2:G4303,MATCH(C29,'Diseases'!D2:D4303,0))="","",INDEX('Diseases'!G2:G4303,MATCH(C29,'Diseases'!D2:D4303,0))),"")} -> 14521657 | F29: {=_xlfn.IFERROR(IF(E29="","",D29/E29*100000),"")} -> 23.241149
A30: Cardiovascular Diseases | B30: June | C30: National Capital Region | D30: {=_xlfn.SUMIFS('Diseases'!F2:F4303,'Diseases'!B2:B4303,A30,'Diseases'!C2:C4303,B30,'Diseases'!D2:D4303,C30)} -> 27607 | E30: {=_xlfn.IFERROR(IF(INDEX('Diseases'!G2:G4303,MATCH(C30,'Diseases'!D2:D4303,0))="","",INDEX('Diseases'!G2:G4303,MATCH(C30,'Diseases'!D2:D4303,0))),"")} -> 14521657 | F30: {=_xlfn.IFERROR(IF(E30="","",D30/E30*100000),"")} -> 190.10916
A31: Respiratory Diseases | B31: June | C31: National Capital Region | D31: {=_xlfn.SUMIFS('Diseases'!F2:F4303,'Diseases'!B2:B4303,A31,'Diseases'!C2:C4303,B31,'Diseases'!D2:D4303,C31)} -> 23601 | E31: {=_xlfn.IFERROR(IF(INDEX('Diseases'!G2:G4303,MATCH(C31,'Diseases'!D2:D4303,0))="","",INDEX('Diseases'!G2:G4303,MATCH(C31,'Diseases'!D2:D4303,0))),"")} -> 14521657 | F31: {=_xlfn.IFERROR(IF(E31="","",D31/E31*100000),"")} -> 162.52278
A32: Injuries & External Causes | B32: June | C32: National Capital Region | D32: {=_xlfn.SUMIFS('Diseases'!F2:F4303,'Diseases'!B2:B4303,A32,'Diseases'!C2:C4303,B32,'Diseases'!D2:D4303,C32)} -> 23003 | E32: {=_xlfn.IFERROR(IF(INDEX('Diseases'!G2:G4303,MATCH(C32,'Diseases'!D2:D4303,0))="","",INDEX('Diseases'!G2:G4303,MATCH(C32,'Diseases'!D2:D4303,0))),"")} -> 14521657 | F32: {=_xlfn.IFERROR(IF(E32="","",D32/E32*100000),"")} -> 158.40479
A33: Digestive & Metabolic Disorders | B33: June | C33: National Capital Region | D33: {=_xlfn.SUMIFS('Diseases'!F2:F4303,'Diseases'!B2:B4303,A33,'Diseases'!C2:C4303,B33,'Diseases'!D2:D4303,C33)} -> 18497 | E33: {=_xlfn.IFERROR(IF(INDEX('Diseases'!G2:G4303,MATCH(C33,'Diseases'!D2:D4303,0))="","",INDEX('Diseases'!G2:G4303,MATCH(C33,'Diseases'!D2:D4303,0))),"")} -> 14521657 | F33: {=_xlfn.IFERROR(IF(E33="","",D33/E33*100000),"")} -> 127.37527
A34: Skin & Soft Tissue Diseases | B34: June | C34: National Capital Region | D34: {=_xlfn.SUMIFS('Diseases'!F2:F4303,'Diseases'!B2:B4303,A34,'Diseases'!C2:C4303,B34,'Diseases'!D2:D4303,C34)} -> 6214 | E34: {=_xlfn.IFERROR(IF(INDEX('Diseases'!G2:G4303,MATCH(C34,'Diseases'!D2:D4303,0))="","",INDEX('Diseases'!G2:G4303,MATCH(C34,'Diseases'!D2:D4303,0))),"")} -> 14521657 | F34: {=_xlfn.IFERROR(IF(E34="","",D34/E34*100000),"")} -> 42.79126
A35: Genitourinary & Reproductive Health | B35: June | C35: National Capital Region | D35: {=_xlfn.SUMIFS('Diseases'!F2:F4303,'Diseases'!B2:B4303,A35,'Diseases'!C2:C4303,B35,'Diseases'!D2:D4303,C35)} -> 4696 | E35: {=_xlfn.IFERROR(IF(INDEX('Diseases'!G2:G4303,MATCH(C35,'Diseases'!D2:D4303,0))="","",INDEX('Diseases'!G2:G4303,MATCH(C35,'Diseases'!D2:D4303,0))),"")} -> 14521657 | F35: {=_xlfn.IFERROR(IF(E35="","",D35/E35*100000),"")} -> 32.337907
A36: Respiratory Diseases | B36: July | C36: National Capital Region | D36: {=_xlfn.SUMIFS('Diseases'!F2:F4303,'Diseases'!B2:B4303,A36,'Diseases'!C2:C4303,B36,'Diseases'!D2:D4303,C36)} -> 33446 | E36: {=_xlfn.IFERROR(IF(INDEX('Diseases'!G2:G4303,MATCH(C36,'Diseases'!D2:D4303,0))="","",INDEX('Diseases'!G2:G4303,MATCH(C36,'Diseases'!D2:D4303,0))),"")} -> 14521657 | F36: {=_xlfn.IFERROR(IF(E36="","",D36/E36*100000),"")} -> 230.31807
A37: Cardiovascular Diseases | B37: July | C37: National Capital Region | D37: {=_xlfn.SUMIFS('Diseases'!F2:F4303,'Diseases'!B2:B4303,A37,'Diseases'!C2:C4303,B37,'Diseases'!D2:D4303,C37)} -> 26601 | E37: {=_xlfn.IFERROR(IF(INDEX('Diseases'!G2:G4303,MATCH(C37,'Diseases'!D2:D4303,0))="","",INDEX('Diseases'!G2:G4303,MATCH(C37,'Diseases'!D2:D4303,0))),"")} -> 14521657 | F37: {=_xlfn.IFERROR(IF(E37="","",D37/E37*100000),"")} -> 183.18157
A38: Injuries & External Causes | B38: July | C38: National Capital Region | D38: {=_xlfn.SUMIFS('Diseases'!F2:F4303,'Diseases'!B2:B4303,A38,'Diseases'!C2:C4303,B38,'Diseases'!D2:D4303,C38)} -> 19397 | E38: {=_xlfn.IFERROR(IF(INDEX('Diseases'!G2:G4303,MATCH(C38,'Diseases'!D2:D4303,0))="","",INDEX('Diseases'!G2:G4303,MATCH(C38,'Diseases'!D2:D4303,0))),"")} -> 14521657 | F38: {=_xlfn.IFERROR(IF(E38="","",D38/E38*100000),"")} -> 133.57291
A39: Digestive & Metabolic Disorders | B39: July | C39: National Capital Region | D39: {=_xlfn.SUMIFS('Diseases'!F2:F4303,'Diseases'!B2:B4303,A39,'Diseases'!C2:C4303,B39,'Diseases'!D2:D4303,C39)} -> 14499 | E39: {=_xlfn.IFERROR(IF(INDEX('Diseases'!G2:G4303,MATCH(C39,'Diseases'!D2:D4303,0))="","",INDEX('Diseases'!G2:G4303,MATCH(C39,'Diseases'!D2:D4303,0))),"")} -> 14521657 | F39: {=_xlfn.IFERROR(IF(E39="","",D39/E39*100000),"")} -> 99.843978
A40: Genitourinary & Reproductive Health | B40: July | C40: National Capital Region | D40: {=_xlfn.SUMIFS('Diseases'!F2:F4303,'Diseases'!B2:B4303,A40,'Diseases'!C2:C4303,B40,'Diseases'!D2:D4303,C40)} -> 5711 | E40: {=_xlfn.IFERROR(IF(INDEX('Diseases'!G2:G4303,MATCH(C40,'Diseases'!D2:D4303,0))="","",INDEX('Diseases'!G2:G4303,MATCH(C40,'Diseases'!D2:D4303,0))),"")} -> 14521657 | F40: {=_xlfn.IFERROR(IF(E40="","",D40/E40*100000),"")} -> 39.327468
A41: Skin & Soft Tissue Diseases | B41: July | C41: National Capital Region | D41: {=_xlfn.SUMIFS('Diseases'!F2:F4303,'Diseases'!B2:B4303,A41,'Diseases'!C2:C4303,B41,'Diseases'!D2:D4303,C41)} -> 4266 | E41: {=_xlfn.IFERROR(IF(INDEX('Diseases'!G2:G4303,MATCH(C41,'Diseases'!D2:D4303,0))="","",INDEX('Diseases'!G2:G4303,MATCH(C41,'Diseases'!D2:D4303,0))),"")} -> 14521657 | F41: {=_xlfn.IFERROR(IF(E41="","",D41/E41*100000),"")} -> 29.376813
A42: Respiratory Diseases | B42: August | C42: National Capital Region | D42: {=_xlfn.SUMIFS('Diseases'!F2:F4303,'Diseases'!B2:B4303,A42,'Diseases'!C2:C4303,B42,'Diseases'!D2:D4303,C42)} -> 32429 | E42: {=_xlfn.IFERROR(IF(INDEX('Diseases'!G2:G4303,MATCH(C42,'Diseases'!D2:D4303,0))="","",INDEX('Diseases'!G2:G4303,MATCH(C42,'Diseases'!D2:D4303,0))),"")} -> 14521657 | F42: {=_xlfn.IFERROR(IF(E42="","",D42/E42*100000),"")} -> 223.31474
A43: Cardiovascular Diseases | B43: August | C43: National Capital Region | D43: {=_xlfn.SUMIFS('Diseases'!F2:F4303,'Diseases'!B2:B4303,A43,'Diseases'!C2:C4303,B43,'Diseases'!D2:D4303,C43)} -> 18869 | E43: {=_xlfn.IFERROR(IF(INDEX('Diseases'!G2:G4303,MATCH(C43,'Diseases'!D2:D4303,0))="","",INDEX('Diseases'!G2:G4303,MATCH(C43,'Diseases'!D2:D4303,0))),"")} -> 14521657 | F43: {=_xlfn.IFERROR(IF(E43="","",D43/E43*100000),"")} -> 129.93696
A44: Injuries & External Causes | B44: August | C44: National Capital Region | D44: {=_xlfn.SUMIFS('Diseases'!F2:F4303,'Diseases'!B2:B4303,A44,'Diseases'!C2:C4303,B44,'Diseases'!D2:D4303,C44)} -> 13551 | E44: {=_xlfn.IFERROR(IF(INDEX('Diseases'!G2:G4303,MATCH(C44,'Diseases'!D2:D4303,0))="","",INDEX('Diseases'!G2:G4303,MATCH(C44,'Diseases'!D2:D4303,0))),"")} -> 14521657 | F44: {=_xlfn.IFERROR(IF(E44="","",D44/E44*100000),"")} -> 93.315797
A45: Digestive & Metabolic Disorders | B45: August | C45: National Capital Region | D45: {=_xlfn.SUMIFS('Diseases'!F2:F4303,'Diseases'!B2:B4303,A45,'Diseases'!C2:C4303,B45,'Diseases'!D2:D4303,C45)} -> 10065 | E45: {=_xlfn.IFERROR(IF(INDEX('Diseases'!G2:G4303,MATCH(C45,'Diseases'!D2:D4303,0))="","",INDEX('Diseases'!G2:G4303,MATCH(C45,'Diseases'!D2:D4303,0))),"")} -> 14521657 | F45: {=_xlfn.IFERROR(IF(E45="","",D45/E45*100000),"")} -> 69.310272
A46: Genitourinary & Reproductive Health | B46: August | C46: National Capital Region | D46: {=_xlfn.SUMIFS('Diseases'!F2:F4303,'Diseases'!B2:B4303,A46,'Diseases'!C2:C4303,B46,'Diseases'!D2:D4303,C46)} -> 4961 | E46: {=_xlfn.IFERROR(IF(INDEX('Diseases'!G2:G4303,MATCH(C46,'Diseases'!D2:D4303,0))="","",INDEX('Diseases'!G2:G4303,MATCH(C46,'Diseases'!D2:D4303,0))),"")} -> 14521657 | F46: {=_xlfn.IFERROR(IF(E46="","",D46/E46*100000),"")} -> 34.162768
A47: Skin & Soft Tissue Diseases | B47: August | C47: National Capital Region | D47: {=_xlfn.SUMIFS('Diseases'!F2:F4303,'Diseases'!B2:B4303,A47,'Diseases'!C2:C4303,B47,'Diseases'!D2:D4303,C47)} -> 2482 | E47: {=_xlfn.IFERROR(IF(INDEX('Diseases'!G2:G4303,MATCH(C47,'Diseases'!D2:D4303,0))="","",INDEX('Diseases'!G2:G4303,MATCH(C47,'Diseases'!D2:D4303,0))),"")} -> 14521657 | F47: {=_xlfn.IFERROR(IF(E47="","",D47/E47*100000),"")} -> 17.091713
A48: Respiratory Diseases | B48: September | C48: National Capital Region | D48: {=_xlfn.SUMIFS('Diseases'!F2:F4303,'Diseases'!B2:B4303,A48,'Diseases'!C2:C4303,B48,'Diseases'!D2:D4303,C48)} -> 58159 | E48: {=_xlfn.IFERROR(IF(INDEX('Diseases'!G2:G4303,MATCH(C48,'Diseases'!D2:D4303,0))="","",INDEX('Diseases'!G2:G4303,MATCH(C48,'Diseases'!D2:D4303,0))),"")} -> 14521657 | F48: {=_xlfn.IFERROR(IF(E48="","",D48/E48*100000),"")} -> 400.49837
A49: Cardiovascular Diseases | B49: September | C49: National Capital Region | D49: {=_xlfn.SUMIFS('Diseases'!F2:F4303,'Diseases'!B2:B4303,A49,'Diseases'!C2:C4303,B49,'Diseases'!D2:D4303,C49)} -> 26914 | E49: {=_xlfn.IFERROR(IF(INDEX('Diseases'!G2:G4303,MATCH(C49,'Diseases'!D2:D4303,0))="","",INDEX('Diseases'!G2:G4303,MATCH(C49,'Diseases'!D2:D4303,0))),"")} -> 14521657 | F49: {=_xlfn.IFERROR(IF(E49="","",D49/E49*100000),"")} -> 185.33698
A50: Digestive & Metabolic Disorders | B50: September | C50: National Capital Region | D50: {=_xlfn.SUMIFS('Diseases'!F2:F4303,'Diseases'!B2:B4303,A50,'Diseases'!C2:C4303,B50,'Diseases'!D2:D4303,C50)} -> 18439 | E50: {=_xlfn.IFERROR(IF(INDEX('Diseases'!G2:G4303,MATCH(C50,'Diseases'!D2:D4303,0))="","",INDEX('Diseases'!G2:G4303,MATCH(C50,'Diseases'!D2:D4303,0))),"")} -> 14521657 | F50: {=_xlfn.IFERROR(IF(E50="","",D50/E50*100000),"")} -> 126.97587
A51: Injuries & External Causes | B51: September | C51: National Capital Region | D51: {=_xlfn.SUMIFS('Diseases'!F2:F4303,'Diseases'!B2:B4303,A51,'Diseases'!C2:C4303,B51,'Diseases'!D2:D4303,C51)} -> 9623 | E51: {=_xlfn.IFERROR(IF(INDEX('Diseases'!G2:G4303,MATCH(C51,'Diseases'!D2:D4303,0))="","",INDEX('Diseases'!G2:G4303,MATCH(C51,'Diseases'!D2:D4303,0))),"")} -> 14521657 | F51: {=_xlfn.IFERROR(IF(E51="","",D51/E51*100000),"")} -> 66.266542
A52: Genitourinary & Reproductive Health | B52: September | C52: National Capital Region | D52: {=_xlfn.SUMIFS('Diseases'!F2:F4303,'Diseases'!B2:B4303,A52,'Diseases'!C2:C4303,B52,'Diseases'!D2:D4303,C52)} -> 5969 | E52: {=_xlfn.IFERROR(IF(INDEX('Diseases'!G2:G4303,MATCH(C52,'Diseases'!D2:D4303,0))="","",INDEX('Diseases'!G2:G4303,MATCH(C52,'Diseases'!D2:D4303,0))),"")} -> 14521657 | F52: {=_xlfn.IFERROR(IF(E52="","",D52/E52*100000),"")} -> 41.104125
A53: Respiratory Diseases | B53: October | C53: National Capital Region | D53: {=_xlfn.SUMIFS('Diseases'!F2:F4303,'Diseases'!B2:B4303,A53,'Diseases'!C2:C4303,B53,'Diseases'!D2:D4303,C53)} -> 71616 | E53: {=_xlfn.IFERROR(IF(INDEX('Diseases'!G2:G4303,MATCH(C53,'Diseases'!D2:D4303,0))="","",INDEX('Diseases'!G2:G4303,MATCH(C53,'Diseases'!D2:D4303,0))),"")} -> 14521657 | F53: {=_xlfn.IFERROR(IF(E53="","",D53/E53*100000),"")} -> 493.16686
A54: Cardiovascular Diseases | B54: October | C54: National Capital Region | D54: {=_xlfn.SUMIFS('Diseases'!F2:F4303,'Diseases'!B2:B4303,A54,'Diseases'!C2:C4303,B54,'Diseases'!D2:D4303,C54)} -> 35904 | E54: {=_xlfn.IFERROR(IF(INDEX('Diseases'!G2:G4303,MATCH(C54,'Diseases'!D2:D4303,0))="","",INDEX('Diseases'!G2:G4303,MATCH(C54,'Diseases'!D2:D4303,0))),"")} -> 14521657 | F54: {=_xlfn.IFERROR(IF(E54="","",D54/E54*100000),"")} -> 247.24451
A55: Digestive & Metabolic Disorders | B55: October | C55: National Capital Region | D55: {=_xlfn.SUMIFS('Diseases'!F2:F4303,'Diseases'!B2:B4303,A55,'Diseases'!C2:C4303,B55,'Diseases'!D2:D4303,C55)} -> 20817 | E55: {=_xlfn.IFERROR(IF(INDEX('Diseases'!G2:G4303,MATCH(C55,'Diseases'!D2:D4303,0))="","",INDEX('Diseases'!G2:G4303,MATCH(C55,'Diseases'!D2:D4303,0))),"")} -> 14521657 | F55: {=_xlfn.IFERROR(IF(E55="","",D55/E55*100000),"")} -> 143.35141
A56: Injuries & External Causes | B56: October | C56: National Capital Region | D56: {=_xlfn.SUMIFS('Diseases'!F2:F4303,'Diseases'!B2:B4303,A56,'Diseases'!C2:C4303,B56,'Diseases'!D2:D4303,C56)} -> 12120 | E56: {=_xlfn.IFERROR(IF(INDEX('Diseases'!G2:G4303,MATCH(C56,'Diseases'!D2:D4303,0))="","",INDEX('Diseases'!G2:G4303,MATCH(C56,'Diseases'!D2:D4303,0))),"")} -> 14521657 | F56: {=_xlfn.IFERROR(IF(E56="","",D56/E56*100000),"")} -> 83.46155
A57: Genitourinary & Reproductive Health | B57: October | C57: National Capital Region | D57: {=_xlfn.SUMIFS('Diseases'!F2:F4303,'Diseases'!B2:B4303,A57,'Diseases'!C2:C4303,B57,'Diseases'!D2:D4303,C57)} -> 6967 | E57: {=_xlfn.IFERROR(IF(INDEX('Diseases'!G2:G4303,MATCH(C57,'Diseases'!D2:D4303,0))="","",INDEX('Diseases'!G2:G4303,MATCH(C57,'Diseases'!D2:D4303,0))),"")} -> 14521657 | F57: {=_xlfn.IFERROR(IF(E57="","",D57/E57*100000),"")} -> 47.976619
A58: Respiratory Diseases | B58: November | C58: National Capital Region | D58: {=_xlfn.SUMIFS('Diseases'!F2:F4303,'Diseases'!B2:B4303,A58,'Diseases'!C2:C4303,B58,'Diseases'!D2:D4303,C58)} -> 38092 | E58: {=_xlfn.IFERROR(IF(INDEX('Diseases'!G2:G4303,MATCH(C58,'Diseases'!D2:D4303,0))="","",INDEX('Diseases'!G2:G4303,MATCH(C58,'Diseases'!D2:D4303,0))),"")} -> 14521657 | F58: {=_xlfn.IFERROR(IF(E58="","",D58/E58*100000),"")} -> 262.31166
A59: Cardiovascular Diseases | B59: November | C59: National Capital Region | D59: {=_xlfn.SUMIFS('Diseases'!F2:F4303,'Diseases'!B2:B4303,A59,'Diseases'!C2:C4303,B59,'Diseases'!D2:D4303,C59)} -> 31700 | E59: {=_xlfn.IFERROR(IF(INDEX('Diseases'!G2:G4303,MATCH(C59,'Diseases'!D2:D4303,0))="","",INDEX('Diseases'!G2:G4303,MATCH(C59,'Diseases'!D2:D4303,0))),"")} -> 14521657 | F59: {=_xlfn.IFERROR(IF(E59="","",D59/E59*100000),"")} -> 218.29465
A60: Digestive & Metabolic Disorders | B60: November | C60: National Capital Region | D60: {=_xlfn.SUMIFS('Diseases'!F2:F4303,'Diseases'!B2:B4303,A60,'Diseases'!C2:C4303,B60,'Diseases'!D2:D4303,C60)} -> 21472 | E60: {=_xlfn.IFERROR(IF(INDEX('Diseases'!G2:G4303,MATCH(C60,'Diseases'!D2:D4303,0))="","",INDEX('Diseases'!G2:G4303,MATCH(C60,'Diseases'!D2:D4303,0))),"")} -> 14521657 | F60: {=_xlfn.IFERROR(IF(E60="","",D60/E60*100000),"")} -> 147.86191
A61: Injuries & External Causes | B61: November | C61: National Capital Region | D61: {=_xlfn.SUMIFS('Diseases'!F2:F4303,'Diseases'!B2:B4303,A61,'Diseases'!C2:C4303,B61,'Diseases'!D2:D4303,C61)} -> 9691 | E61: {=_xlfn.IFERROR(IF(INDEX('Diseases'!G2:G4303,MATCH(C61,'Diseases'!D2:D4303,0))="","",INDEX('Diseases'!G2:G4303,MATCH(C61,'Diseases'!D2:D4303,0))),"")} -> 14521657 | F61: {=_xlfn.IFERROR(IF(E61="","",D61/E61*100000),"")} -> 66.734809
A62: Genitourinary & Reproductive Health | B62: November | C62: National Capital Region | D62: {=_xlfn.SUMIFS('Diseases'!F2:F4303,'Diseases'!B2:B4303,A62,'Diseases'!C2:C4303,B62,'Diseases'!D2:D4303,C62)} -> 5820 | E62: {=_xlfn.IFERROR(IF(INDEX('Diseases'!G2:G4303,MATCH(C62,'Diseases'!D2:D4303,0))="","",INDEX('Diseases'!G2:G4303,MATCH(C62,'Diseases'!D2:D4303,0))),"")} -> 14521657 | F62: {=_xlfn.IFERROR(IF(E62="","",D62/E62*100000),"")} -> 40.078071
A63: Skin & Soft Tissue Diseases | B63: November | C63: National Capital Region | D63: {=_xlfn.SUMIFS('Diseases'!F2:F4303,'Diseases'!B2:B4303,A63,'Diseases'!C2:C4303,B63,'Diseases'!D2:D4303,C63)} -> 3014 | E63: {=_xlfn.IFERROR(IF(INDEX('Diseases'!G2:G4303,MATCH(C63,'Diseases'!D2:D4303,0))="","",INDEX('Diseases'!G2:G4303,MATCH(C63,'Diseases'!D2:D4303,0))),"")} -> 14521657 | F63: {=_xlfn.IFERROR(IF(E63="","",D63/E63*100000),"")} -> 20.755207
A64: Respiratory Diseases | B64: December | C64: National Capital Region | D64: {=_xlfn.SUMIFS('Diseases'!F2:F4303,'Diseases'!B2:B4303,A64,'Diseases'!C2:C4303,B64,'Diseases'!D2:D4303,C64)} -> 44325 | E64: {=_xlfn.IFERROR(IF(INDEX('Diseases'!G2:G4303,MATCH(C64,'Diseases'!D2:D4303,0))="","",INDEX('Diseases'!G2:G4303,MATCH(C64,'Diseases'!D2:D4303,0))),"")} -> 14521657 | F64: {=_xlfn.IFERROR(IF(E64="","",D64/E64*100000),"")} -> 305.23376
A65: Cardiovascular Diseases | B65: December | C65: National Capital Region | D65: {=_xlfn.SUMIFS('Diseases'!F2:F4303,'Diseases'!B2:B4303,A65,'Diseases'!C2:C4303,B65,'Diseases'!D2:D4303,C65)} -> 28123 | E65: {=_xlfn.IFERROR(IF(INDEX('Diseases'!G2:G4303,MATCH(C65,'Diseases'!D2:D4303,0))="","",INDEX('Diseases'!G2:G4303,MATCH(C65,'Diseases'!D2:D4303,0))),"")} -> 14521657 | F65: {=_xlfn.IFERROR(IF(E65="","",D65/E65*100000),"")} -> 193.66247
A66: Digestive & Metabolic Disorders | B66: December | C66: National Capital Region | D66: {=_xlfn.SUMIFS('Diseases'!F2:F4303,'Diseases'!B2:B4303,A66,'Diseases'!C2:C4303,B66,'Diseases'!D2:D4303,C66)} -> 18274 | E66: {=_xlfn.IFERROR(IF(INDEX('Diseases'!G2:G4303,MATCH(C66,'Diseases'!D2:D4303,0))="","",INDEX('Diseases'!G2:G4303,MATCH(C66,'Diseases'!D2:D4303,0))),"")} -> 14521657 | F66: {=_xlfn.IFERROR(IF(E66="","",D66/E66*100000),"")} -> 125.83963
A67: Injuries & External Causes | B67: December | C67: National Capital Region | D67: {=_xlfn.SUMIFS('Diseases'!F2:F4303,'Diseases'!B2:B4303,A67,'Diseases'!C2:C4303,B67,'Diseases'!D2:D4303,C67)} -> 8056 | E67: {=_xlfn.IFERROR(IF(INDEX('Diseases'!G2:G4303,MATCH(C67,'Diseases'!D2:D4303,0))="","",INDEX('Diseases'!G2:G4303,MATCH(C67,'Diseases'!D2:D4303,0))),"")} -> 14521657 | F67: {=_xlfn.IFERROR(IF(E67="","",D67/E67*100000),"")} -> 55.475763
A68: Genitourinary & Reproductive Health | B68: December | C68: National Capital Region | D68: {=_xlfn.SUMIFS('Diseases'!F2:F4303,'Diseases'!B2:B4303,A68,'Diseases'!C2:C4303,B68,'Diseases'!D2:D4303,C68)} -> 4753 | E68: {=_xlfn.IFERROR(IF(INDEX('Diseases'!G2:G4303,MATCH(C68,'Diseases'!D2:D4303,0))="","",INDEX('Diseases'!G2:G4303,MATCH(C68,'Diseases'!D2:D4303,0))),"")} -> 14521657 | F68: {=_xlfn.IFERROR(IF(E68="","",D68/E68*100000),"")} -> 32.730425
A69: Respiratory Diseases | B69: January | C69: Cordillera Administrative Region | D69: {=_xlfn.SUMIFS('Diseases'!F2:F4303,'Diseases'!B2:B4303,A69,'Diseases'!C2:C4303,B69,'Diseases'!D2:D4303,C69)} -> 21610 | E69: {=_xlfn.IFERROR(IF(INDEX('Diseases'!G2:G4303,MATCH(C69,'Diseases'!D2:D4303,0))="","",INDEX('Diseases'!G2:G4303,MATCH(C69,'Diseases'!D2:D4303,0))),"")} -> 1874281 | F69: {=_xlfn.IFERROR(IF(E69="","",D69/E69*100000),"")} -> 1152.9755
A70: Cardiovascular Diseases | B70: January | C70: Cordillera Administrative Region | D70: {=_xlfn.SUMIFS('Diseases'!F2:F4303,'Diseases'!B2:B4303,A70,'Diseases'!C2:C4303,B70,'Diseases'!D2:D4303,C70)} -> 8075 | E70: {=_xlfn.IFERROR(IF(INDEX('Diseases'!G2:G4303,MATCH(C70,'Diseases'!D2:D4303,0))="","",INDEX('Diseases'!G2:G4303,MATCH(C70,'Diseases'!D2:D4303,0))),"")} -> 1874281 | F70: {=_xlfn.IFERROR(IF(E70="","",D70/E70*100000),"")} -> 430.83188
A71: Genitourinary & Reproductive Health | B71: January | C71: Cordillera Administrative Region | D71: {=_xlfn.SUMIFS('Diseases'!F2:F4303,'Diseases'!B2:B4303,A71,'Diseases'!C2:C4303,B71,'Diseases'!D2:D4303,C71)} -> 3731 | E71: {=_xlfn.IFERROR(IF(INDEX('Diseases'!G2:G4303,MATCH(C71,'Diseases'!D2:D4303,0))="","",INDEX('Diseases'!G2:G4303,MATCH(C71,'Diseases'!D2:D4303,0))),"")} -> 1874281 | F71: {=_xlfn.IFERROR(IF(E71="","",D71/E71*100000),"")} -> 199.063
A72: Injuries & External Causes | B72: January | C72: Cordillera Administrative Region | D72: {=_xlfn.SUMIFS('Diseases'!F2:F4303,'Diseases'!B2:B4303,A72,'Diseases'!C2:C4303,B72,'Diseases'!D2:D4303,C72)} -> 1896 | E72: {=_xlfn.IFERROR(IF(INDEX('Diseases'!G2:G4303,MATCH(C72,'Diseases'!D2:D4303,0))="","",INDEX('Diseases'!G2:G4303,MATCH(C72,'Diseases'!D2:D4303,0))),"")} -> 1874281 | F72: {=_xlfn.IFERROR(IF(E72="","",D72/E72*100000),"")} -> 101.15879
A73: Health Services & Screening | B73: January | C73: Cordillera Administrative Region | D73: {=_xlfn.SUMIFS('Diseases'!F2:F4303,'Diseases'!B2:B4303,A73,'Diseases'!C2:C4303,B73,'Diseases'!D2:D4303,C73)} -> 1865 | E73: {=_xlfn.IFERROR(IF(INDEX('Diseases'!G2:G4303,MATCH(C73,'Diseases'!D2:D4303,0))="","",INDEX('Diseases'!G2:G4303,MATCH(C73,'Diseases'!D2:D4303,0))),"")} -> 1874281 | F73: {=_xlfn.IFERROR(IF(E73="","",D73/E73*100000),"")} -> 99.504823
A74: Symptoms & Other Findings | B74: January | C74: Cordillera Administrative Region | D74: {=_xlfn.SUMIFS('Diseases'!F2:F4303,'Diseases'!B2:B4303,A74,'Diseases'!C2:C4303,B74,'Diseases'!D2:D4303,C74)} -> 1840 | E74: {=_xlfn.IFERROR(IF(INDEX('Diseases'!G2:G4303,MATCH(C74,'Diseases'!D2:D4303,0))="","",INDEX('Diseases'!G2:G4303,MATCH(C74,'Diseases'!D2:D4303,0))),"")} -> 1874281 | F74: {=_xlfn.IFERROR(IF(E74="","",D74/E74*100000),"")} -> 98.170979
A75: Digestive & Metabolic Disorders | B75: January | C75: Cordillera Administrative Region | D75: {=_xlfn.SUMIFS('Diseases'!F2:F4303,'Diseases'!B2:B4303,A75,'Diseases'!C2:C4303,B75,'Diseases'!D2:D4303,C75)} -> 1522 | E75: {=_xlfn.IFERROR(IF(INDEX('Diseases'!G2:G4303,MATCH(C75,'Diseases'!D2:D4303,0))="","",INDEX('Diseases'!G2:G4303,MATCH(C75,'Diseases'!D2:D4303,0))),"")} -> 1874281 | F75: {=_xlfn.IFERROR(IF(E75="","",D75/E75*100000),"")} -> 81.204473
A76: Respiratory Diseases | B76: February | C76: Cordillera Administrative Region | D76: {=_xlfn.SUMIFS('Diseases'!F2:F4303,'Diseases'!B2:B4303,A76,'Diseases'!C2:C4303,B76,'Diseases'!D2:D4303,C76)} -> 19582 | E76: {=_xlfn.IFERROR(IF(INDEX('Diseases'!G2:G4303,MATCH(C76,'Diseases'!D2:D4303,0))="","",INDEX('Diseases'!G2:G4303,MATCH(C76,'Diseases'!D2:D4303,0))),"")} -> 1874281 | F76: {=_xlfn.IFERROR(IF(E76="","",D76/E76*100000),"")} -> 1044.774
A77: Cardiovascular Diseases | B77: February | C77: Cordillera Administrative Region | D77: {=_xlfn.SUMIFS('Diseases'!F2:F4303,'Diseases'!B2:B4303,A77,'Diseases'!C2:C4303,B77,'Diseases'!D2:D4303,C77)} -> 7305 | E77: {=_xlfn.IFERROR(IF(INDEX('Diseases'!G2:G4303,MATCH(C77,'Diseases'!D2:D4303,0))="","",INDEX('Diseases'!G2:G4303,MATCH(C77,'Diseases'!D2:D4303,0))),"")} -> 1874281 | F77: {=_xlfn.IFERROR(IF(E77="","",D77/E77*100000),"")} -> 389.74946
A78: Digestive & Metabolic Disorders | B78: February | C78: Cordillera Administrative Region | D78: {=_xlfn.SUMIFS('Diseases'!F2:F4303,'Diseases'!B2:B4303,A78,'Diseases'!C2:C4303,B78,'Diseases'!D2:D4303,C78)} -> 4527 | E78: {=_xlfn.IFERROR(IF(INDEX('Diseases'!G2:G4303,MATCH(C78,'Diseases'!D2:D4303,0))="","",INDEX('Diseases'!G2:G4303,MATCH(C78,'Diseases'!D2:D4303,0))),"")} -> 1874281 | F78: {=_xlfn.IFERROR(IF(E78="","",D78/E78*100000),"")} -> 241.53262
A79: Genitourinary & Reproductive Health | B79: February | C79: Cordillera Administrative Region | D79: {=_xlfn.SUMIFS('Diseases'!F2:F4303,'Diseases'!B2:B4303,A79,'Diseases'!C2:C4303,B79,'Diseases'!D2:D4303,C79)} -> 3703 | E79: {=_xlfn.IFERROR(IF(INDEX('Diseases'!G2:G4303,MATCH(C79,'Diseases'!D2:D4303,0))="","",INDEX('Diseases'!G2:G4303,MATCH(C79,'Diseases'!D2:D4303,0))),"")} -> 1874281 | F79: {=_xlfn.IFERROR(IF(E79="","",D79/E79*100000),"")} -> 197.56909
A80: Injuries & External Causes | B80: February | C80: Cordillera Administrative Region | D80: {=_xlfn.SUMIFS('Diseases'!F2:F4303,'Diseases'!B2:B4303,A80,'Diseases'!C2:C4303,B80,'Diseases'!D2:D4303,C80)} -> 1949 | E80: {=_xlfn.IFERROR(IF(INDEX('Diseases'!G2:G4303,MATCH(C80,'Diseases'!D2:D4303,0))="","",INDEX('Diseases'!G2:G4303,MATCH(C80,'Diseases'!D2:D4303,0))),"")} -> 1874281 | F80: {=_xlfn.IFERROR(IF(E80="","",D80/E80*100000),"")} -> 103.98654
A81: Health Services & Screening | B81: February | C81: Cordillera Administrative Region | D81: {=_xlfn.SUMIFS('Diseases'!F2:F4303,'Diseases'!B2:B4303,A81,'Diseases'!C2:C4303,B81,'Diseases'!D2:D4303,C81)} -> 1655 | E81: {=_xlfn.IFERROR(IF(INDEX('Diseases'!G2:G4303,MATCH(C81,'Diseases'!D2:D4303,0))="","",INDEX('Diseases'!G2:G4303,MATCH(C81,'Diseases'!D2:D4303,0))),"")} -> 1874281 | F81: {=_xlfn.IFERROR(IF(E81="","",D81/E81*100000),"")} -> 88.300527
A82: Infectious & Parasitic Diseases | B82: February | C82: Cordillera Administrative Region | D82: {=_xlfn.SUMIFS('Diseases'!F2:F4303,'Diseases'!B2:B4303,A82,'Diseases'!C2:C4303,B82,'Diseases'!D2:D4303,C82)} -> 1037 | E82: {=_xlfn.IFERROR(IF(INDEX('Diseases'!G2:G4303,MATCH(C82,'Diseases'!D2:D4303,0))="","",INDEX('Diseases'!G2:G4303,MATCH(C82,'Diseases'!D2:D4303,0))),"")} -> 1874281 | F82: {=_xlfn.IFERROR(IF(E82="","",D82/E82*100000),"")} -> 55.327883
A83: Respiratory Diseases | B83: March | C83: Cordillera Administrative Region | D83: {=_xlfn.SUMIFS('Diseases'!F2:F4303,'Diseases'!B2:B4303,A83,'Diseases'!C2:C4303,B83,'Diseases'!D2:D4303,C83)} -> 17064 | E83: {=_xlfn.IFERROR(IF(INDEX('Diseases'!G2:G4303,MATCH(C83,'Diseases'!D2:D4303,0))="","",INDEX('Diseases'!G2:G4303,MATCH(C83,'Diseases'!D2:D4303,0))),"")} -> 1874281 | F83: {=_xlfn.IFERROR(IF(E83="","",D83/E83*100000),"")} -> 910.42912
A84: Cardiovascular Diseases | B84: March | C84: Cordillera Administrative Region | D84: {=_xlfn.SUMIFS('Diseases'!F2:F4303,'Diseases'!B2:B4303,A84,'Diseases'!C2:C4303,B84,'Diseases'!D2:D4303,C84)} -> 5937 | E84: {=_xlfn.IFERROR(IF(INDEX('Diseases'!G2:G4303,MATCH(C84,'Diseases'!D2:D4303,0))="","",INDEX('Diseases'!G2:G4303,MATCH(C84,'Diseases'!D2:D4303,0))),"")} -> 1874281 | F84: {=_xlfn.IFERROR(IF(E84="","",D84/E84*100000),"")} -> 316.76147
A85: Digestive & Metabolic Disorders | B85: March | C85: Cordillera Administrative Region | D85: {=_xlfn.SUMIFS('Diseases'!F2:F4303,'Diseases'!B2:B4303,A85,'Diseases'!C2:C4303,B85,'Diseases'!D2:D4303,C85)} -> 3761 | E85: {=_xlfn.IFERROR(IF(INDEX('Diseases'!G2:G4303,MATCH(C85,'Diseases'!D2:D4303,0))="","",INDEX('Diseases'!G2:G4303,MATCH(C85,'Diseases'!D2:D4303,0))),"")} -> 1874281 | F85: {=_xlfn.IFERROR(IF(E85="","",D85/E85*100000),"")} -> 200.66361
A86: Genitourinary & Reproductive Health | B86: March | C86: Cordillera Administrative Region | D86: {=_xlfn.SUMIFS('Diseases'!F2:F4303,'Diseases'!B2:B4303,A86,'Diseases'!C2:C4303,B86,'Diseases'!D2:D4303,C86)} -> 3094 | E86: {=_xlfn.IFERROR(IF(INDEX('Diseases'!G2:G4303,MATCH(C86,'Diseases'!D2:D4303,0))="","",INDEX('Diseases'!G2:G4303,MATCH(C86,'Diseases'!D2:D4303,0))),"")} -> 1874281 | F86: {=_xlfn.IFERROR(IF(E86="","",D86/E86*100000),"")} -> 165.07663
A87: Injuries & External Causes | B87: March | C87: Cordillera Administrative Region | D87: {=_xlfn.SUMIFS('Diseases'!F2:F4303,'Diseases'!B2:B4303,A87,'Diseases'!C2:C4303,B87,'Diseases'!D2:D4303,C87)} -> 1476 | E87: {=_xlfn.IFERROR(IF(INDEX('Diseases'!G2:G4303,MATCH(C87,'Diseases'!D2:D4303,0))="","",INDEX('Diseases'!G2:G4303,MATCH(C87,'Diseases'!D2:D4303,0))),"")} -> 1874281 | F87: {=_xlfn.IFERROR(IF(E87="","",D87/E87*100000),"")} -> 78.750198
A88: Respiratory Diseases | B88: April | C88: Cordillera Administrative Region | D88: {=_xlfn.SUMIFS('Diseases'!F2:F4303,'Diseases'!B2:B4303,A88,'Diseases'!C2:C4303,B88,'Diseases'!D2:D4303,C88)} -> 270150 | E88: {=_xlfn.IFERROR(IF(INDEX('Diseases'!G2:G4303,MATCH(C88,'Diseases'!D2:D4303,0))="","",INDEX('Diseases'!G2:G4303,MATCH(C88,'Diseases'!D2:D4303,0))),"")} -> 1874281 | F88: {=_xlfn.IFERROR(IF(E88="","",D88/E88*100000),"")} -> 14413.527
A89: Cardiovascular Diseases | B89: April | C89: Cordillera Administrative Region | D89: {=_xlfn.SUMIFS('Diseases'!F2:F4303,'Diseases'!B2:B4303,A89,'Diseases'!C2:C4303,B89,'Diseases'!D2:D4303,C89)} -> 102435 | E89: {=_xlfn.IFERROR(IF(INDEX('Diseases'!G2:G4303,MATCH(C89,'Diseases'!D2:D4303,0))="","",INDEX('Diseases'!G2:G4303,MATCH(C89,'Diseases'!D2:D4303,0))),"")} -> 1874281 | F89: {=_xlfn.IFERROR(IF(E89="","",D89/E89*100000),"")} -> 5465.2958
A90: Injuries & External Causes | B90: April | C90: Cordillera Administrative Region | D90: {=_xlfn.SUMIFS('Diseases'!F2:F4303,'Diseases'!B2:B4303,A90,'Diseases'!C2:C4303,B90,'Diseases'!D2:D4303,C90)} -> 50460 | E90: {=_xlfn.IFERROR(IF(INDEX('Diseases'!G2:G4303,MATCH(C90,'Diseases'!D2:D4303,0))="","",INDEX('Diseases'!G2:G4303,MATCH(C90,'Diseases'!D2:D4303,0))),"")} -> 1874281 | F90: {=_xlfn.IFERROR(IF(E90="","",D90/E90*100000),"")} -> 2692.2324
A91: Digestive & Metabolic Disorders | B91: April | C91: Cordillera Administrative Region | D91: {=_xlfn.SUMIFS('Diseases'!F2:F4303,'Diseases'!B2:B4303,A91,'Diseases'!C2:C4303,B91,'Diseases'!D2:D4303,C91)} -> 42480 | E91: {=_xlfn.IFERROR(IF(INDEX('Diseases'!G2:G4303,MATCH(C91,'Diseases'!D2:D4303,0))="","",INDEX('Diseases'!G2:G4303,MATCH(C91,'Diseases'!D2:D4303,0))),"")} -> 1874281 | F91: {=_xlfn.IFERROR(IF(E91="","",D91/E91*100000),"")} -> 2266.4691
A92: Genitourinary & Reproductive Health | B92: April | C92: Cordillera Administrative Region | D92: {=_xlfn.SUMIFS('Diseases'!F2:F4303,'Diseases'!B2:B4303,A92,'Diseases'!C2:C4303,B92,'Diseases'!D2:D4303,C92)} -> 21195 | E92: {=_xlfn.IFERROR(IF(INDEX('Diseases'!G2:G4303,MATCH(C92,'Diseases'!D2:D4303,0))="","",INDEX('Diseases'!G2:G4303,MATCH(C92,'Diseases'!D2:D4303,0))),"")} -> 1874281 | F92: {=_xlfn.IFERROR(IF(E92="","",D92/E92*100000),"")} -> 1130.8336
A93: Symptoms & Other Findings | B93: April | C93: Cordillera Administrative Region | D93: {=_xlfn.SUMIFS('Diseases'!F2:F4303,'Diseases'!B2:B4303,A93,'Diseases'!C2:C4303,B93,'Diseases'!D2:D4303,C93)} -> 17220 | E93: {=_xlfn.IFERROR(IF(INDEX('Diseases'!G2:G4303,MATCH(C93,'Diseases'!D2:D4303,0))="","",INDEX('Diseases'!G2:G4303,MATCH(C93,'Diseases'!D2:D4303,0))),"")} -> 1874281 | F93: {=_xlfn.IFERROR(IF(E93="","",D93/E93*100000),"")} -> 918.75231
A94: Respiratory Diseases | B94: May | C94: Cordillera Administrative Region | D94: {=_xlfn.SUMIFS('Diseases'!F2:F4303,'Diseases'!B2:B4303,A94,'Diseases'!C2:C4303,B94,'Diseases'!D2:D4303,C94)} -> 17232 | E94: {=_xlfn.IFERROR(IF(INDEX('Diseases'!G2:G4303,MATCH(C94,'Diseases'!D2:D4303,0))="","",INDEX('Diseases'!G2:G4303,MATCH(C94,'Diseases'!D2:D4303,0))),"")} -> 1874281 | F94: {=_xlfn.IFERROR(IF(E94="","",D94/E94*100000),"")} -> 919.39256
A95: Cardiovascular Diseases | B95: May | C95: Cordillera Administrative Region | D95: {=_xlfn.SUMIFS('Diseases'!F2:F4303,'Diseases'!B2:B4303,A95,'Diseases'!C2:C4303,B95,'Diseases'!D2:D4303,C95)} -> 8187 | E95: {=_xlfn.IFERROR(IF(INDEX('Diseases'!G2:G4303,MATCH(C95,'Diseases'!D2:D4303,0))="","",INDEX('Diseases'!G2:G4303,MATCH(C95,'Diseases'!D2:D4303,0))),"")} -> 1874281 | F95: {=_xlfn.IFERROR(IF(E95="","",D95/E95*100000),"")} -> 436.8075
A96: Digestive & Metabolic Disorders | B96: May | C96: Cordillera Administrative Region | D96: {=_xlfn.SUMIFS('Diseases'!F2:F4303,'Diseases'!B2:B4303,A96,'Diseases'!C2:C4303,B96,'Diseases'!D2:D4303,C96)} -> 3047 | E96: {=_xlfn.IFERROR(IF(INDEX('Diseases'!G2:G4303,MATCH(C96,'Diseases'!D2:D4303,0))="","",INDEX('Diseases'!G2:G4303,MATCH(C96,'Diseases'!D2:D4303,0))),"")} -> 1874281 | F96: {=_xlfn.IFERROR(IF(E96="","",D96/E96*100000),"")} -> 162.56901
A97: Injuries & External Causes | B97: May | C97: Cordillera Administrative Region | D97: {=_xlfn.SUMIFS('Diseases'!F2:F4303,'Diseases'!B2:B4303,A97,'Diseases'!C2:C4303,B97,'Diseases'!D2:D4303,C97)} -> 2616 | E97: {=_xlfn.IFERROR(IF(INDEX('Diseases'!G2:G4303,MATCH(C97,'Diseases'!D2:D4303,0))="","",INDEX('Diseases'!G2:G4303,MATCH(C97,'Diseases'!D2:D4303,0))),"")} -> 1874281 | F97: {=_xlfn.IFERROR(IF(E97="","",D97/E97*100000),"")} -> 139.57352
A98: Infectious & Parasitic Diseases | B98: May | C98: Cordillera Administrative Region | D98: {=_xlfn.SUMIFS('Diseases'!F2:F4303,'Diseases'!B2:B4303,A98,'Diseases'!C2:C4303,B98,'Diseases'!D2:D4303,C98)} -> 1223 | E98: {=_xlfn.IFERROR(IF(INDEX('Diseases'!G2:G4303,MATCH(C98,'Diseases'!D2:D4303,0))="","",INDEX('Diseases'!G2:G4303,MATCH(C98,'Diseases'!D2:D4303,0))),"")} -> 1874281 | F98: {=_xlfn.IFERROR(IF(E98="","",D98/E98*100000),"")} -> 65.251689
A99: Genitourinary & Reproductive Health | B99: May | C99: Cordillera Administrative Region | D99: {=_xlfn.SUMIFS('Diseases'!F2:F4303,'Diseases'!B2:B4303,A99,'Diseases'!C2:C4303,B99,'Diseases'!D2:D4303,C99)} -> 1173 | E99: {=_xlfn.IFERROR(IF(INDEX('Diseases'!G2:G4303,MATCH(C99,'Diseases'!D2:D4303,0))="","",INDEX('Diseases'!G2:G4303,MATCH(C99,'Diseases'!D2:D4303,0))),"")} -> 1874281 | F99: {=_xlfn.IFERROR(IF(E99="","",D99/E99*100000),"")} -> 62.583999
A100: Respiratory Diseases | B100: June | C100: Cordillera Administrative Region | D100: {=_xlfn.SUMIFS('Diseases'!F2:F4303,'Diseases'!B2:B4303,A100,'Diseases'!C2:C4303,B100,'Diseases'!D2:D4303,C100)} -> 17839 | E100: {=_xlfn.IFERROR(IF(INDEX('Diseases'!G2:G4303,MATCH(C100,'Diseases'!D2:D4303,0))="","",INDEX('Diseases'!G2:G4303,MATCH(C100,'Diseases'!D2:D4303,0))),"")} -> 1874281 | F100: {=_xlfn.IFERROR(IF(E100="","",D100/E100*100000),"")} -> 951.77831
...

Sheet Chart - National Capital Region
A1: Monthly Incidence Rate (per 100k) by Disease — National Capital Region
A3: Month | B3: Cardiovascular Diseases | C3: Digestive & Metabolic Disorders | D3: Genitourinary & Reproductive Health | E3: Injuries & External Causes | F3: Respiratory Diseases | G3: Skin & Soft Tissue Diseases | H3: Symptoms & Other Findings
A4: January | B4: {=_xlfn.IFERROR(_xlfn.SUMIFS('Total Cases'!F2:F1312,'Total Cases'!A2:A1312,B$3,'Total Cases'!B2:B1312,$A4,'Total Cases'!C2:C1312,"National Capital Region"),0)} -> 67.616251 | C4: {=_xlfn.IFERROR(_xlfn.SUMIFS('Total Cases'!F2:F1312,'Total Cases'!A2:A1312,C$3,'Total Cases'!B2:B1312,$A4,'Total Cases'!C2:C1312,"National Capital Region"),0)} -> 9.792271 | D4: {=_xlfn.IFERROR(_xlfn.SUMIFS('Total Cases'!F2:F1312,'Total Cases'!A2:A1312,D$3,'Total Cases'!B2:B1312,$A4,'Total Cases'!C2:C1312,"National Capital Region"),0)} -> 0 | E4: {=_xlfn.IFERROR(_xlfn.SUMIFS('Total Cases'!F2:F1312,'Total Cases'!A2:A1312,E$3,'Total Cases'!B2:B1312,$A4,'Total Cases'!C2:C1312,"National Capital Region"),0)} -> 44.740073 | F4: {=_xlfn.IFERROR(_xlfn.SUMIFS('Total Cases'!F2:F1312,'Total Cases'!A2:A1312,F$3,'Total Cases'!B2:B1312,$A4,'Total Cases'!C2:C1312,"National Capital Region"),0)} -> 157.03442 | G4: {=_xlfn.IFERROR(_xlfn.SUMIFS('Total Cases'!F2:F1312,'Total Cases'!A2:A1312,G$3,'Total Cases'!B2:B1312,$A4,'Total Cases'!C2:C1312,"National Capital Region"),0)} -> 10.563533 | H4: {=_xlfn.IFERROR(_xlfn.SUMIFS('Total Cases'!F2:F1312,'Total Cases'!A2:A1312,H$3,'Total Cases'!B2:B1312,$A4,'Total Cases'!C2:C1312,"National Capital Region"),0)} -> 0
A5: February | B5: {=_xlfn.IFERROR(_xlfn.SUMIFS('Total Cases'!F2:F1312,'Total Cases'!A2:A1312,B$3,'Total Cases'!B2:B1312,$A5,'Total Cases'!C2:C1312,"National Capital Region"),0)} -> 51.832928 | C5: {=_xlfn.IFERROR(_xlfn.SUMIFS('Total Cases'!F2:F1312,'Total Cases'!A2:A1312,C$3,'Total Cases'!B2:B1312,$A5,'Total Cases'!C2:C1312,"National Capital Region"),0)} -> 28.653755 | D5: {=_xlfn.IFERROR(_xlfn.SUMIFS('Total Cases'!F2:F1312,'Total Cases'!A2:A1312,D$3,'Total Cases'!B2:B1312,$A5,'Total Cases'!C2:C1312,"National Capital Region"),0)} -> 13.049475 | E5: {=_xlfn.IFERROR(_xlfn.SUMIFS('Total Cases'!F2:F1312,'Total Cases'!A2:A1312,E$3,'Total Cases'!B2:B1312,$A5,'Total Cases'!C2:C1312,"National Capital Region"),0)} -> 70.081534 | F5: {=_xlfn.IFERROR(_xlfn.SUMIFS('Total Cases'!F2:F1312,'Total Cases'!A2:A1312,F$3,'Total Cases'!B2:B1312,$A5,'Total Cases'!C2:C1312,"National Capital Region"),0)} -> 157.17215 | G5: {=_xlfn.IFERROR(_xlfn.SUMIFS('Total Cases'!F2:F1312,'Total Cases'!A2:A1312,G$3,'Total Cases'!B2:B1312,$A5,'Total Cases'!C2:C1312,"National Capital Region"),0)} -> 0 | H5: {=_xlfn.IFERROR(_xlfn.SUMIFS('Total Cases'!F2:F1312,'Total Cases'!A2:A1312,H$3,'Total Cases'!B2:B1312,$A5,'Total Cases'!C2:C1312,"National Capital Region"),0)} -> 38.852316
A6: March | B6: {=_xlfn.IFERROR(_xlfn.SUMIFS('Total Cases'!F2:F1312,'Total Cases'!A2:A1312,B$3,'Total Cases'!B2:B1312,$A6,'Total Cases'!C2:C1312,"National Capital Region"),0)} -> 89.280445 | C6: {=_xlfn.IFERROR(_xlfn.SUMIFS('Total Cases'!F2:F1312,'Total Cases'!A2:A1312,C$3,'Total Cases'!B2:B1312,$A6,'Total Cases'!C2:C1312,"National Capital Region"),0)} -> 25.630684 | D6: {=_xlfn.IFERROR(_xlfn.SUMIFS('Total Cases'!F2:F1312,'Total Cases'!A2:A1312,D$3,'Total Cases'!B2:B1312,$A6,'Total Cases'!C2:C1312,"National Capital Region"),0)} -> 10.425807 | E6: {=_xlfn.IFERROR(_xlfn.SUMIFS('Total Cases'!F2:F1312,'Total Cases'!A2:A1312,E$3,'Total Cases'!B2:B1312,$A6,'Total Cases'!C2:C1312,"National Capital Region"),0)} -> 76.981573 | F6: {=_xlfn.IFERROR(_xlfn.SUMIFS('Total Cases'!F2:F1312,'Total Cases'!A2:A1312,F$3,'Total Cases'!B2:B1312,$A6,'Total Cases'!C2:C1312,"National Capital Region"),0)} -> 155.32663 | G6: {=_xlfn.IFERROR(_xlfn.SUMIFS('Total Cases'!F2:F1312,'Total Cases'!A2:A1312,G$3,'Total Cases'!B2:B1312,$A6,'Total Cases'!C2:C1312,"National Capital Region"),0)} -> 0 | H6: {=_xlfn.IFERROR(_xlfn.SUMIFS('Total Cases'!F2:F1312,'Total Cases'!A2:A1312,H$3,'Total Cases'!B2:B1312,$A6,'Total Cases'!C2:C1312,"National Capital Region"),0)} -> 10.363831
A7: April | B7: {=_xlfn.IFERROR(_xlfn.SUMIFS('Total Cases'!F2:F1312,'Total Cases'!A2:A1312,B$3,'Total Cases'!B2:B1312,$A7,'Total Cases'!C2:C1312,"National Capital Region"),0)} -> 1572.4445 | C7: {=_xlfn.IFERROR(_xlfn.SUMIFS('Total Cases'!F2:F1312,'Total Cases'!A2:A1312,C$3,'Total Cases'!B2:B1312,$A7,'Total Cases'!C2:C1312,"National Capital Region"),0)} -> 588.4659 | D7: {=_xlfn.IFERROR(_xlfn.SUMIFS('Total Cases'!F2:F1312,'Total Cases'!A2:A1312,D$3,'Total Cases'!B2:B1312,$A7,'Total Cases'!C2:C1312,"National Capital Region"),0)} -> 0 | E7: {=_xlfn.IFERROR(_xlfn.SUMIFS('Total Cases'!F2:F1312,'Total Cases'!A2:A1312,E$3,'Total Cases'!B2:B1312,$A7,'Total Cases'!C2:C1312,"National Capital Region"),0)} -> 1047.2978 | F7: {=_xlfn.IFERROR(_xlfn.SUMIFS('Total Cases'!F2:F1312,'Total Cases'!A2:A1312,F$3,'Total Cases'!B2:B1312,$A7,'Total Cases'!C2:C1312,"National Capital Region"),0)} -> 2067.8425 | G7: {=_xlfn.IFERROR(_xlfn.SUMIFS('Total Cases'!F2:F1312,'Total Cases'!A2:A1312,G$3,'Total Cases'!B2:B1312,$A7,'Total Cases'!C2:C1312,"National Capital Region"),0)} -> 139.65348 | H7: {=_xlfn.IFERROR(_xlfn.SUMIFS('Total Cases'!F2:F1312,'Total Cases'!A2:A1312,H$3,'Total Cases'!B2:B1312,$A7,'Total Cases'!C2:C1312,"National Capital Region"),0)} -> 0
A8: May | B8: {=_xlfn.IFERROR(_xlfn.SUMIFS('Total Cases'!F2:F1312,'Total Cases'!A2:A1312,B$3,'Total Cases'!B2:B1312,$A8,'Total Cases'!C2:C1312,"National Capital Region"),0)} -> 117.16982 | C8: {=_xlfn.IFERROR(_xlfn.SUMIFS('Total Cases'!F2:F1312,'Total Cases'!A2:A1312,C$3,'Total Cases'!B2:B1312,$A8,'Total Cases'!C2:C1312,"National Capital Region"),0)} -> 87.827443 | D8: {=_xlfn.IFERROR(_xlfn.SUMIFS('Total Cases'!F2:F1312,'Total Cases'!A2:A1312,D$3,'Total Cases'!B2:B1312,$A8,'Total Cases'!C2:C1312,"National Capital Region"),0)} -> 23.241149 | E8: {=_xlfn.IFERROR(_xlfn.SUMIFS('Total Cases'!F2:F1312,'Total Cases'!A2:A1312,E$3,'Total Cases'!B2:B1312,$A8,'Total Cases'!C2:C1312,"National Capital Region"),0)} -> 73.056401 | F8: {=_xlfn.IFERROR(_xlfn.SUMIFS('Total Cases'!F2:F1312,'Total Cases'!A2:A1312,F$3,'Total Cases'!B2:B1312,$A8,'Total Cases'!C2:C1312,"National Capital Region"),0)} -> 134.46813 | G8: {=_xlfn.IFERROR(_xlfn.SUMIFS('Total Cases'!F2:F1312,'Total Cases'!A2:A1312,G$3,'Total Cases'!B2:B1312,$A8,'Total Cases'!C2:C1312,"National Capital Region"),0)} -> 39.85771 | H8: {=_xlfn.IFERROR(_xlfn.SUMIFS('Total Cases'!F2:F1312,'Total Cases'!A2:A1312,H$3,'Total Cases'!B2:B1312,$A8,'Total Cases'!C2:C1312,"National Capital Region"),0)} -> 0
A9: June | B9: {=_xlfn.IFERROR(_xlfn.SUMIFS('Total Cases'!F2:F1312,'Total Cases'!A2:A1312,B$3,'Total Cases'!B2:B1312,$A9,'Total Cases'!C2:C1312,"National Capital Region"),0)} -> 190.10916 | C9: {=_xlfn.IFERROR(_xlfn.SUMIFS('Total Cases'!F2:F1312,'Total Cases'!A2:A1312,C$3,'Total Cases'!B2:B1312,$A9,'Total Cases'!C2:C1312,"National Capital Region"),0)} -> 127.37527 | D9: {=_xlfn.IFERROR(_xlfn.SUMIFS('Total Cases'!F2:F1312,'Total Cases'!A2:A1312,D$3,'Total Cases'!B2:B1312,$A9,'Total Cases'!C2:C1312,"National Capital Region"),0)} -> 32.337907 | E9: {=_xlfn.IFERROR(_xlfn.SUMIFS('Total Cases'!F2:F1312,'Total Cases'!A2:A1312,E$3,'Total Cases'!B2:B1312,$A9,'Total Cases'!C2:C1312,"National Capital Region"),0)} -> 158.40479 | F9: {=_xlfn.IFERROR(_xlfn.SUMIFS('Total Cases'!F2:F1312,'Total Cases'!A2:A1312,F$3,'Total Cases'!B2:B1312,$A9,'Total Cases'!C2:C1312,"National Capital Region"),0)} -> 162.52278 | G9: {=_xlfn.IFERROR(_xlfn.SUMIFS('Total Cases'!F2:F1312,'Total Cases'!A2:A1312,G$3,'Total Cases'!B2:B1312,$A9,'Total Cases'!C2:C1312,"National Capital Region"),0)} -> 42.79126 | H9: {=_xlfn.IFERROR(_xlfn.SUMIFS('Total Cases'!F2:F1312,'Total Cases'!A2:A1312,H$3,'Total Cases'!B2:B1312,$A9,'Total Cases'!C2:C1312,"National Capital Region"),0)} -> 0
A10: July | B10: {=_xlfn.IFERROR(_xlfn.SUMIFS('Total Cases'!F2:F1312,'Total Cases'!A2:A1312,B$3,'Total Cases'!B2:B1312,$A10,'Total Cases'!C2:C1312,"National Capital Region"),0)} -> 183.18157 | C10: {=_xlfn.IFERROR(_xlfn.SUMIFS('Total Cases'!F2:F1312,'Total Cases'!A2:A1312,C$3,'Total Cases'!B2:B1312,$A10,'Total Cases'!C2:C1312,"National Capital Region"),0)} -> 99.843978 | D10: {=_xlfn.IFERROR(_xlfn.SUMIFS('Total Cases'!F2:F1312,'Total Cases'!A2:A1312,D$3,'Total Cases'!B2:B1312,$A10,'Total Cases'!C2:C1312,"National Capital Region"),0)} -> 39.327468 | E10: {=_xlfn.IFERROR(_xlfn.SUMIFS('Total Cases'!F2:F1312,'Total Cases'!A2:A1312,E$3,'Total Cases'!B2:B1312,$A10,'Total Cases'!C2:C1312,"National Capital Region"),0)} -> 133.57291 | F10: {=_xlfn.IFERROR(_xlfn.SUMIFS('Total Cases'!F2:F1312,'Total Cases'!A2:A1312,F$3,'Total Cases'!B2:B1312,$A10,'Total Cases'!C2:C1312,"National Capital Region"),0)} -> 230.31807 | G10: {=_xlfn.IFERROR(_xlfn.SUMIFS('Total Cases'!F2:F1312,'Total Cases'!A2:A1312,G$3,'Total Cases'!B2:B1312,$A10,'Total Cases'!C2:C1312,"National Capital Region"),0)} -> 29.376813 | H10: {=_xlfn.IFERROR(_xlfn.SUMIFS('Total Cases'!F2:F1312,'Total Cases'!A2:A1312,H$3,'Total Cases'!B2:B1312,$A10,'Total Cases'!C2:C1312,"National Capital Region"),0)} -> 0
A11: August | B11: {=_xlfn.IFERROR(_xlfn.SUMIFS('Total Cases'!F2:F1312,'Total Cases'!A2:A1312,B$3,'Total Cases'!B2:B1312,$A11,'Total Cases'!C2:C1312,"National Capital Region"),0)} -> 129.93696 | C11: {=_xlfn.IFERROR(_xlfn.SUMIFS('Total Cases'!F2:F1312,'Total Cases'!A2:A1312,C$3,'Total Cases'!B2:B1312,$A11,'Total Cases'!C2:C1312,"National Capital Region"),0)} -> 69.310272 | D11: {=_xlfn.IFERROR(_xlfn.SUMIFS('Total Cases'!F2:F1312,'Total Cases'!A2:A1312,D$3,'Total Cases'!B2:B1312,$A11,'Total Cases'!C2:C1312,"National Capital Region"),0)} -> 34.162768 | E11: {=_xlfn.IFERROR(_xlfn.SUMIFS('Total Cases'!F2:F1312,'Total Cases'!A2:A1312,E$3,'Total Cases'!B2:B1312,$A11,'Total Cases'!C2:C1312,"National Capital Region"),0)} -> 93.315797 | F11: {=_xlfn.IFERROR(_xlfn.SUMIFS('Total Cases'!F2:F1312,'Total Cases'!A2:A1312,F$3,'Total Cases'!B2:B1312,$A11,'Total Cases'!C2:C1312,"National Capital Region"),0)} -> 223.31474 | G11: {=_xlfn.IFERROR(_xlfn.SUMIFS('Total Cases'!F2:F1312,'Total Cases'!A2:A1312,G$3,'Total Cases'!B2:B1312,$A11,'Total Cases'!C2:C1312,"National Capital Region"),0)} -> 17.091713 | H11: {=_xlfn.IFERROR(_xlfn.SUMIFS('Total Cases'!F2:F1312,'Total Cases'!A2:A1312,H$3,'Total Cases'!B2:B1312,$A11,'Total Cases'!C2:C1312,"National Capital Region"),0)} -> 0
A12: September | B12: {=_xlfn.IFERROR(_xlfn.SUMIFS('Total Cases'!F2:F1312,'Total Cases'!A2:A1312,B$3,'Total Cases'!B2:B1312,$A12,'Total Cases'!C2:C1312,"National Capital Region"),0)} -> 185.33698 | C12: {=_xlfn.IFERROR(_xlfn.SUMIFS('Total Cases'!F2:F1312,'Total Cases'!A2:A1312,C$3,'Total Cases'!B2:B1312,$A12,'Total Cases'!C2:C1312,"National Capital Region"),0)} -> 126.97587 | D12: {=_xlfn.IFERROR(_xlfn.SUMIFS('Total Cases'!F2:F1312,'Total Cases'!A2:A1312,D$3,'Total Cases'!B2:B1312,$A12,'Total Cases'!C2:C1312,"National Capital Region"),0)} -> 41.104125 | E12: {=_xlfn.IFERROR(_xlfn.SUMIFS('Total Cases'!F2:F1312,'Total Cases'!A2:A1312,E$3,'Total Cases'!B2:B1312,$A12,'Total Cases'!C2:C1312,"National Capital Region"),0)} -> 66.266542 | F12: {=_xlfn.IFERROR(_xlfn.SUMIFS('Total Cases'!F2:F1312,'Total Cases'!A2:A1312,F$3,'Total Cases'!B2:B1312,$A12,'Total Cases'!C2:C1312,"National Capital Region"),0)} -> 400.49837 | G12: {=_xlfn.IFERROR(_xlfn.SUMIFS('Total Cases'!F2:F1312,'Total Cases'!A2:A1312,G$3,'Total Cases'!B2:B1312,$A12,'Total Cases'!C2:C1312,"National Capital Region"),0)} -> 0 | H12: {=_xlfn.IFERROR(_xlfn.SUMIFS('Total Cases'!F2:F1312,'Total Cases'!A2:A1312,H$3,'Total Cases'!B2:B1312,$A12,'Total Cases'!C2:C1312,"National Capital Region"),0)} -> 0
A13: October | B13: {=_xlfn.IFERROR(_xlfn.SUMIFS('Total Cases'!F2:F1312,'Total Cases'!A2:A1312,B$3,'Total Cases'!B2:B1312,$A13,'Total Cases'!C2:C1312,"National Capital Region"),0)} -> 247.24451 | C13: {=_xlfn.IFERROR(_xlfn.SUMIFS('Total Cases'!F2:F1312,'Total Cases'!A2:A1312,C$3,'Total Cases'!B2:B1312,$A13,'Total Cases'!C2:C1312,"National Capital Region"),0)} -> 143.35141 | D13: {=_xlfn.IFERROR(_xlfn.SUMIFS('Total Cases'!F2:F1312,'Total Cases'!A2:A1312,D$3,'Total Cases'!B2:B1312,$A13,'Total Cases'!C2:C1312,"National Capital Region"),0)} -> 47.976619 | E13: {=_xlfn.IFERROR(_xlfn.SUMIFS('Total Cases'!F2:F1312,'Total Cases'!A2:A1312,E$3,'Total Cases'!B2:B1312,$A13,'Total Cases'!C2:C1312,"National Capital Region"),0)} -> 83.46155 | F13: {=_xlfn.IFERROR(_xlfn.SUMIFS('Total Cases'!F2:F1312,'Total Cases'!A2:A1312,F$3,'Total Cases'!B2:B1312,$A13,'Total Cases'!C2:C1312,"National Capital Region"),0)} -> 493.16686 | G13: {=_xlfn.IFERROR(_xlfn.SUMIFS('Total Cases'!F2:F1312,'Total Cases'!A2:A1312,G$3,'Total Cases'!B2:B1312,$A13,'Total Cases'!C2:C1312,"National Capital Region"),0)} -> 0 | H13: {=_xlfn.IFERROR(_xlfn.SUMIFS('Total Cases'!F2:F1312,'Total Cases'!A2:A1312,H$3,'Total Cases'!B2:B1312,$A13,'Total Cases'!C2:C1312,"National Capital Region"),0)} -> 0
A14: November | B14: {=_xlfn.IFERROR(_xlfn.SUMIFS('Total Cases'!F2:F1312,'Total Cases'!A2:A1312,B$3,'Total Cases'!B2:B1312,$A14,'Total Cases'!C2:C1312,"National Capital Region"),0)} -> 218.29465 | C14: {=_xlfn.IFERROR(_xlfn.SUMIFS('Total Cases'!F2:F1312,'Total Cases'!A2:A1312,C$3,'Total Cases'!B2:B1312,$A14,'Total Cases'!C2:C1312,"National Capital Region"),0)} -> 147.86191 | D14: {=_xlfn.IFERROR(_xlfn.SUMIFS('Total Cases'!F2:F1312,'Total Cases'!A2:A1312,D$3,'Total Cases'!B2:B1312,$A14,'Total Cases'!C2:C1312,"National Capital Region"),0)} -> 40.078071 | E14: {=_xlfn.IFERROR(_xlfn.SUMIFS('Total Cases'!F2:F1312,'Total Cases'!A2:A1312,E$3,'Total Cases'!B2:B1312,$A14,'Total Cases'!C2:C1312,"National Capital Region"),0)} -> 66.734809 | F14: {=_xlfn.IFERROR(_xlfn.SUMIFS('Total Cases'!F2:F1312,'Total Cases'!A2:A1312,F$3,'Total Cases'!B2:B1312,$A14,'Total Cases'!C2:C1312,"National Capital Region"),0)} -> 262.31166 | G14: {=_xlfn.IFERROR(_xlfn.SUMIFS('Total Cases'!F2:F1312,'Total Cases'!A2:A1312,G$3,'Total Cases'!B2:B1312,$A14,'Total Cases'!C2:C1312,"National Capital Region"),0)} -> 20.755207 | H14: {=_xlfn.IFERROR(_xlfn.SUMIFS('Total Cases'!F2:F1312,'Total Cases'!A2:A1312,H$3,'Total Cases'!B2:B1312,$A14,'Total Cases'!C2:C1312,"National Capital Region"),0)} -> 0
A15: December | B15: {=_xlfn.IFERROR(_xlfn.SUMIFS('Total Cases'!F2:F1312,'Total Cases'!A2:A1312,B$3,'Total Cases'!B2:B1312,$A15,'Total Cases'!C2:C1312,"National Capital Region"),0)} -> 193.66247 | C15: {=_xlfn.IFERROR(_xlfn.SUMIFS('Total Cases'!F2:F1312,'Total Cases'!A2:A1312,C$3,'Total Cases'!B2:B1312,$A15,'Total Cases'!C2:C1312,"National Capital Region"),0)} -> 125.83963 | D15: {=_xlfn.IFERROR(_xlfn.SUMIFS('Total Cases'!F2:F1312,'Total Cases'!A2:A1312,D$3,'Total Cases'!B2:B1312,$A15,'Total Cases'!C2:C1312,"National Capital Region"),0)} -> 32.730425 | E15: {=_xlfn.IFERROR(_xlfn.SUMIFS('Total Cases'!F2:F1312,'Total Cases'!A2:A1312,E$3,'Total Cases'!B2:B1312,$A15,'Total Cases'!C2:C1312,"National Capital Region"),0)} -> 55.475763 | F15: {=_xlfn.IFERROR(_xlfn.SUMIFS('Total Cases'!F2:F1312,'Total Cases'!A2:A1312,F$3,'Total Cases'!B2:B1312,$A15,'Total Cases'!C2:C1312,"National Capital Region"),0)} -> 305.23376 | G15: {=_xlfn.IFERROR(_xlfn.SUMIFS('Total Cases'!F2:F1312,'Total Cases'!A2:A1312,G$3,'Total Cases'!B2:B1312,$A15,'Total Cases'!C2:C1312,"National Capital Region"),0)} -> 0 | H15: {=_xlfn.IFERROR(_xlfn.SUMIFS('Total Cases'!F2:F1312,'Total Cases'!A2:A1312,H$3,'Total Cases'!B2:B1312,$A15,'Total Cases'!C2:C1312,"National Capital Region"),0)} -> 0

Sheet Chart - Cordillera Administrati
A1: Monthly Incidence Rate (per 100k) by Disease — Cordillera Administrative Region
A3: Month | B3: Cardiovascular Diseases | C3: Digestive & Metabolic Disorders | D3: Genitourinary & Reproductive Health | E3: Health Services & Screening | F3: Infectious & Parasitic Diseases | G3: Injuries & External Causes | H3: Respiratory Diseases | I3: Symptoms & Other Findings
A4: January | B4: {=_xlfn.IFERROR(_xlfn.SUMIFS('Total Cases'!F2:F1312,'Total Cases'!A2:A1312,B$3,'Total Cases'!B2:B1312,$A4,'Total Cases'!C2:C1312,"Cordillera Administrative Region"),0)} -> 430.83188 | C4: {=_xlfn.IFERROR(_xlfn.SUMIFS('Total Cases'!F2:F1312,'Total Cases'!A2:A1312,C$3,'Total Cases'!B2:B1312,$A4,'Total Cases'!C2:C1312,"Cordillera Administrative Region"),0)} -> 81.204473 | D4: {=_xlfn.IFERROR(_xlfn.SUMIFS('Total Cases'!F2:F1312,'Total Cases'!A2:A1312,D$3,'Total Cases'!B2:B1312,$A4,'Total Cases'!C2:C1312,"Cordillera Administrative Region"),0)} -> 199.063 | E4: {=_xlfn.IFERROR(_xlfn.SUMIFS('Total Cases'!F2:F1312,'Total Cases'!A2:A1312,E$3,'Total Cases'!B2:B1312,$A4,'Total Cases'!C2:C1312,"Cordillera Administrative Region"),0)} -> 99.504823 | F4: {=_xlfn.IFERROR(_xlfn.SUMIFS('Total Cases'!F2:F1312,'Total Cases'!A2:A1312,F$3,'Total Cases'!B2:B1312,$A4,'Total Cases'!C2:C1312,"Cordillera Administrative Region"),0)} -> 0 | G4: {=_xlfn.IFERROR(_xlfn.SUMIFS('Total Cases'!F2:F1312,'Total Cases'!A2:A1312,G$3,'Total Cases'!B2:B1312,$A4,'Total Cases'!C2:C1312,"Cordillera Administrative Region"),0)} -> 101.15879 | H4: {=_xlfn.IFERROR(_xlfn.SUMIFS('Total Cases'!F2:F1312,'Total Cases'!A2:A1312,H$3,'Total Cases'!B2:B1312,$A4,'Total Cases'!C2:C1312,"Cordillera Administrative Region"),0)} -> 1152.9755 | I4: {=_xlfn.IFERROR(_xlfn.SUMIFS('Total Cases'!F2:F1312,'Total Cases'!A2:A1312,I$3,'Total Cases'!B2:B1312,$A4,'Total Cases'!C2:C1312,"Cordillera Administrative Region"),0)} -> 98.170979
A5: February | B5: {=_xlfn.IFERROR(_xlfn.SUMIFS('Total Cases'!F2:F1312,'Total Cases'!A2:A1312,B$3,'Total Cases'!B2:B1312,$A5,'Total Cases'!C2:C1312,"Cordillera Administrative Region"),0)} -> 389.74946 | C5: {=_xlfn.IFERROR(_xlfn.SUMIFS('Total Cases'!F2:F1312,'Total Cases'!A2:A1312,C$3,'Total Cases'!B2:B1312,$A5,'Total Cases'!C2:C1312,"Cordillera Administrative Region"),0)} -> 241.53262 | D5: {=_xlfn.IFERROR(_xlfn.SUMIFS('Total Cases'!F2:F1312,'Total Cases'!A2:A1312,D$3,'Total Cases'!B2:B1312,$A5,'Total Cases'!C2:C1312,"Cordillera Administrative Region"),0)} -> 197.56909 | E5: {=_xlfn.IFERROR(_xlfn.SUMIFS('Total Cases'!F2:F1312,'Total Cases'!A2:A1312,E$3,'Total Cases'!B2:B1312,$A5,'Total Cases'!C2:C1312,"Cordillera Administrative Region"),0)} -> 88.300527 | F5: {=_xlfn.IFERROR(_xlfn.SUMIFS('Total Cases'!F2:F1312,'Total Cases'!A2:A1312,F$3,'Total Cases'!B2:B1312,$A5,'Total Cases'!C2:C1312,"Cordillera Administrative Region"),0)} -> 55.327883 | G5: {=_xlfn.IFERROR(_xlfn.SUMIFS('Total Cases'!F2:F1312,'Total Cases'!A2:A1312,G$3,'Total Cases'!B2:B1312,$A5,'Total Cases'!C2:C1312,"Cordillera Administrative Region"),0)} -> 103.98654 | H5: {=_xlfn.IFERROR(_xlfn.SUMIFS('Total Cases'!F2:F1312,'Total Cases'!A2:A1312,H$3,'Total Cases'!B2:B1312,$A5,'Total Cases'!C2:C1312,"Cordillera Administrative Region"),0)} -> 1044.774 | I5: {=_xlfn.IFERROR(_xlfn.SUMIFS('Total Cases'!F2:F1312,'Total Cases'!A2:A1312,I$3,'Total Cases'!B2:B1312,$A5,'Total Cases'!C2:C1312,"Cordillera Administrative Region"),0)} -> 0
A6: March | B6: {=_xlfn.IFERROR(_xlfn.SUMIFS('Total Cases'!F2:F1312,'Total Cases'!A2:A1312,B$3,'Total Cases'!B2:B1312,$A6,'Total Cases'!C2:C1312,"Cordillera Administrative Region"),0)} -> 316.76147 | C6: {=_xlfn.IFERROR(_xlfn.SUMIFS('Total Cases'!F2:F1312,'Total Cases'!A2:A1312,C$3,'Total Cases'!B2:B1312,$A6,'Total Cases'!C2:C1312,"Cordillera Administrative Region"),0)} -> 200.66361 | D6: {=_xlfn.IFERROR(_xlfn.SUMIFS('Total Cases'!F2:F1312,'Total Cases'!A2:A1312,D$3,'Total Cases'!B2:B1312,$A6,'Total Cases'!C2:C1312,"Cordillera Administrative Region"),0)} -> 165.07663 | E6: {=_xlfn.IFERROR(_xlfn.SUMIFS('Total Cases'!F2:F1312,'Total Cases'!A2:A1312,E$3,'Total Cases'!B2:B1312,$A6,'Total Cases'!C2:C1312,"Cordillera Administrative Region"),0)} -> 0 | F6: {=_xlfn.IFERROR(_xlfn.SUMIFS('Total Cases'!F2:F1312,'Total Cases'!A2:A1312,F$3,'Total Cases'!B2:B1312,$A6,'Total Cases'!C2:C1312,"Cordillera Administrative Region"),0)} -> 0 | G6: {=_xlfn.IFERROR(_xlfn.SUMIFS('Total Cases'!F2:F1312,'Total Cases'!A2:A1312,G$3,'Total Cases'!B2:B1312,$A6,'Total Cases'!C2:C1312,"Cordillera Administrative Region"),0)} -> 78.750198 | H6: {=_xlfn.IFERROR(_xlfn.SUMIFS('Total Cases'!F2:F1312,'Total Cases'!A2:A1312,H$3,'Total Cases'!B2:B1312,$A6,'Total Cases'!C2:C1312,"Cordillera Administrative Region"),0)} -> 910.42912 | I6: {=_xlfn.IFERROR(_xlfn.SUMIFS('Total Cases'!F2:F1312,'Total Cases'!A2:A1312,I$3,'Total Cases'!B2:B1312,$A6,'Total Cases'!C2:C1312,"Cordillera Administrative Region"),0)} -> 0
A7: April | B7: {=_xlfn.IFERROR(_xlfn.SUMIFS('Total Cases'!F2:F1312,'Total Cases'!A2:A1312,B$3,'Total Cases'!B2:B1312,$A7,'Total Cases'!C2:C1312,"Cordillera Administrative Region"),0)} -> 5465.2958 | C7: {=_xlfn.IFERROR(_xlfn.SUMIFS('Total Cases'!F2:F1312,'Total Cases'!A2:A1312,C$3,'Total Cases'!B2:B1312,$A7,'Total Cases'!C2:C1312,"Cordillera Administrative Region"),0)} -> 2266.4691 | D7: {=_xlfn.IFERROR(_xlfn.SUMIFS('Total Cases'!F2:F1312,'Total Cases'!A2:A1312,D$3,'Total Cases'!B2:B1312,$A7,'Total Cases'!C2:C1312,"Cordillera Administrative Region"),0)} -> 1130.8336 | E7: {=_xlfn.IFERROR(_xlfn.SUMIFS('Total Cases'!F2:F1312,'Total Cases'!A2:A1312,E$3,'Total Cases'!B2:B1312,$A7,'Total Cases'!C2:C1312,"Cordillera Administrative Region"),0)} -> 0 | F7: {=_xlfn.IFERROR(_xlfn.SUMIFS('Total Cases'!F2:F1312,'Total Cases'!A2:A1312,F$3,'Total Cases'!B2:B1312,$A7,'Total Cases'!C2:C1312,"Cordillera Administrative Region"),0)} -> 0 | G7: {=_xlfn.IFERROR(_xlfn.SUMIFS('Total Cases'!F2:F1312,'Total Cases'!A2:A1312,G$3,'Total Cases'!B2:B1312,$A7,'Total Cases'!C2:C1312,"Cordillera Administrative Region"),0)} -> 2692.2324 | H7: {=_xlfn.IFERROR(_xlfn.SUMIFS('Total Cases'!F2:F1312,'Total Cases'!A2:A1312,H$3,'Total Cases'!B2:B1312,$A7,'Total Cases'!C2:C1312,"Cordillera Administrative Region"),0)} -> 14413.527 | I7: {=_xlfn.IFERROR(_xlfn.SUMIFS('Total Cases'!F2:F1312,'Total Cases'!A2:A1312,I$3,'Total Cases'!B2:B1312,$A7,'Total Cases'!C2:C1312,"Cordillera Administrative Region"),0)} -> 918.75231
A8: May | B8: {=_xlfn.IFERROR(_xlfn.SUMIFS('Total Cases'!F2:F1312,'Total Cases'!A2:A1312,B$3,'Total Cases'!B2:B1312,$A8,'Total Cases'!C2:C1312,"Cordillera Administrative Region"),0)} -> 436.8075 | C8: {=_xlfn.IFERROR(_xlfn.SUMIFS('Total Cases'!F2:F1312,'Total Cases'!A2:A1312,C$3,'Total Cases'!B2:B1312,$A8,'Total Cases'!C2:C1312,"Cordillera Administrative Region"),0)} -> 162.56901 | D8: {=_xlfn.IFERROR(_xlfn.SUMIFS('Total Cases'!F2:F1312,'Total Cases'!A2:A1312,D$3,'Total Cases'!B2:B1312,$A8,'Total Cases'!C2:C1312,"Cordillera Administrative Region"),0)} -> 62.583999 | E8: {=_xlfn.IFERROR(_xlfn.SUMIFS('Total Cases'!F2:F1312,'Total Cases'!A2:A1312,E$3,'Total Cases'!B2:B1312,$A8,'Total Cases'!C2:C1312,"Cordillera Administrative Region"),0)} -> 0 | F8: {=_xlfn.IFERROR(_xlfn.SUMIFS('Total Cases'!F2:F1312,'Total Cases'!A2:A1312,F$3,'Total Cases'!B2:B1312,$A8,'Total Cases'!C2:C1312,"Cordillera Administrative Region"),0)} -> 65.251689 | G8: {=_xlfn.IFERROR(_xlfn.SUMIFS('Total Cases'!F2:F1312,'Total Cases'!A2:A1312,G$3,'Total Cases'!B2:B1312,$A8,'Total Cases'!C2:C1312,"Cordillera Administrative Region"),0)} -> 139.57352 | H8: {=_xlfn.IFERROR(_xlfn.SUMIFS('Total Cases'!F2:F1312,'Total Cases'!A2:A1312,H$3,'Total Cases'!B2:B1312,$A8,'Total Cases'!C2:C1312,"Cordillera Administrative Region"),0)} -> 919.39256 | I8: {=_xlfn.IFERROR(_xlfn.SUMIFS('Total Cases'!F2:F1312,'Total Cases'!A2:A1312,I$3,'Total Cases'!B2:B1312,$A8,'Total Cases'!C2:C1312,"Cordillera Administrative Region"),0)} -> 0
A9: June | B9: {=_xlfn.IFERROR(_xlfn.SUMIFS('Total Cases'!F2:F1312,'Total Cases'!A2:A1312,B$3,'Total Cases'!B2:B1312,$A9,'Total Cases'!C2:C1312,"Cordillera Administrative Region"),0)} -> 348.08014 | C9: {=_xlfn.IFERROR(_xlfn.SUMIFS('Total Cases'!F2:F1312,'Total Cases'!A2:A1312,C$3,'Total Cases'!B2:B1312,$A9,'Total Cases'!C2:C1312,"Cordillera Administrative Region"),0)} -> 102.6527 | D9: {=_xlfn.IFERROR(_xlfn.SUMIFS('Total Cases'!F2:F1312,'Total Cases'!A2:A1312,D$3,'Total Cases'!B2:B1312,$A9,'Total Cases'!C2:C1312,"Cordillera Administrative Region"),0)} -> 158.14064 | E9: {=_xlfn.IFERROR(_xlfn.SUMIFS('Total Cases'!F2:F1312,'Total Cases'!A2:A1312,E$3,'Total Cases'!B2:B1312,$A9,'Total Cases'!C2:C1312,"Cordillera Administrative Region"),0)} -> 0 | F9: {=_xlfn.IFERROR(_xlfn.SUMIFS('Total Cases'!F2:F1312,'Total Cases'!A2:A1312,F$3,'Total Cases'!B2:B1312,$A9,'Total Cases'!C2:C1312,"Cordillera Administrative Region"),0)} -> 78.003245 | G9: {=_xlfn.IFERROR(_xlfn.SUMIFS('Total Cases'!F2:F1312,'Total Cases'!A2:A1312,G$3,'Total Cases'!B2:B1312,$A9,'Total Cases'!C2:C1312,"Cordillera Administrative Region"),0)} -> 227.55393 | H9: {=_xlfn.IFERROR(_xlfn.SUMIFS('Total Cases'!F2:F1312,'Total Cases'!A2:A1312,H$3,'Total Cases'!B2:B1312,$A9,'Total Cases'!C2:C1312,"Cordillera Administrative Region"),0)} -> 951.77831 | I9: {=_xlfn.IFERROR(_xlfn.SUMIFS('Total Cases'!F2:F1312,'Total Cases'!A2:A1312,I$3,'Total Cases'!B2:B1312,$A9,'Total Cases'!C2:C1312,"Cordillera Administrative Region"),0)} -> 0
A10: July | B10: {=_xlfn.IFERROR(_xlfn.SUMIFS('Total Cases'!F2:F1312,'Total Cases'!A2:A1312,B$3,'Total Cases'!B2:B1312,$A10,'Total Cases'!C2:C1312,"Cordillera Administrative Region"),0)} -> 391.88361 | C10: {=_xlfn.IFERROR(_xlfn.SUMIFS('Total Cases'!F2:F1312,'Total Cases'!A2:A1312,C$3,'Total Cases'!B2:B1312,$A10,'Total Cases'!C2:C1312,"Cordillera Administrative Region"),0)} -> 180.38917 | D10: {=_xlfn.IFERROR(_xlfn.SUMIFS('Total Cases'!F2:F1312,'Total Cases'!A2:A1312,D$3,'Total Cases'!B2:B1312,$A10,'Total Cases'!C2:C1312,"Cordillera Administrative Region"),0)} -> 145.28238 | E10: {=_xlfn.IFERROR(_xlfn.SUMIFS('Total Cases'!F2:F1312,'Total Cases'!A2:A1312,E$3,'Total Cases'!B2:B1312,$A10,'Total Cases'!C2:C1312,"Cordillera Administrative Region"),0)} -> 0 | F10: {=_xlfn.IFERROR(_xlfn.SUMIFS('Total Cases'!F2:F1312,'Total Cases'!A2:A1312,F$3,'Total Cases'!B2:B1312,$A10,'Total Cases'!C2:C1312,"Cordillera Administrative Region"),0)} -> 0 | G10: {=_xlfn.IFERROR(_xlfn.SUMIFS('Total Cases'!F2:F1312,'Total Cases'!A2:A1312,G$3,'Total Cases'!B2:B1312,$A10,'Total Cases'!C2:C1312,"Cordillera Administrative Region"),0)} -> 206.95936 | H10: {=_xlfn.IFERROR(_xlfn.SUMIFS('Total Cases'!F2:F1312,'Total Cases'!A2:A1312,H$3,'Total Cases'!B2:B1312,$A10,'Total Cases'!C2:C1312,"Cordillera Administrative Region"),0)} -> 735.85551 | I10: {=_xlfn.IFERROR(_xlfn.SUMIFS('Total Cases'!F2:F1312,'Total Cases'!A2:A1312,I$3,'Total Cases'!B2:B1312,$A10,'Total Cases'!C2:C1312,"Cordillera Administrative Region"),0)} -> 95.396581
A11: August | B11: {=_xlfn.IFERROR(_xlfn.SUMIFS('Total Cases'!F2:F1312,'Total Cases'!A2:A1312,B$3,'Total Cases'!B2:B1312,$A11,'Total Cases'!C2:C1312,"Cordillera Administrative Region"),0)} -> 537.21934 | C11: {=_xlfn.IFERROR(_xlfn.SUMIFS('Total Cases'!F2:F1312,'Total Cases'!A2:A1312,C$3,'Total Cases'!B2:B1312,$A11,'Total Cases'!C2:C1312,"Cordillera Administrative Region"),0)} -> 288.59066 | D11: {=_xlfn.IFERROR(_xlfn.SUMIFS('Total Cases'!F2:F1312,'Total Cases'!A2:A1312,D$3,'Total Cases'!B2:B1312,$A11,'Total Cases'!C2:C1312,"Cordillera Administrative Region"),0)} -> 88.727357 | E11: {=_xlfn.IFERROR(_xlfn.SUMIFS('Total Cases'!F2:F1312,'Total Cases'!A2:A1312,E$3,'Total Cases'!B2:B1312,$A11,'Total Cases'!C2:C1312,"Cordillera Administrative Region"),0)} -> 0 | F11: {=_xlfn.IFERROR(_xlfn.SUMIFS('Total Cases'!F2:F1312,'Total Cases'!A2:A1312,F$3,'Total Cases'!B2:B1312,$A11,'Total Cases'!C2:C1312,"Cordillera Administrative Region"),0)} -> 0 | G11: {=_xlfn.IFERROR(_xlfn.SUMIFS('Total Cases'!F2:F1312,'Total Cases'!A2:A1312,G$3,'Total Cases'!B2:B1312,$A11,'Total Cases'!C2:C1312,"Cordillera Administrative Region"),0)} -> 220.45787 | H11: {=_xlfn.IFERROR(_xlfn.SUMIFS('Total Cases'!F2:F1312,'Total Cases'!A2:A1312,H$3,'Total Cases'!B2:B1312,$A11,'Total Cases'!C2:C1312,"Cordillera Administrative Region"),0)} -> 695.52004 | I11: {=_xlfn.IFERROR(_xlfn.SUMIFS('Total Cases'!F2:F1312,'Total Cases'!A2:A1312,I$3,'Total Cases'!B2:B1312,$A11,'Total Cases'!C2:C1312,"Cordillera Administrative Region"),0)} -> 180.97606
A12: September | B12: {=_xlfn.IFERROR(_xlfn.SUMIFS('Total Cases'!F2:F1312,'Total Cases'!A2:A1312,B$3,'Total Cases'!B2:B1312,$A12,'Total Cases'!C2:C1312,"Cordillera Administrative Region"),0)} -> 288.21719 | C12: {=_xlfn.IFERROR(_xlfn.SUMIFS('Total Cases'!F2:F1312,'Total Cases'!A2:A1312,C$3,'Total Cases'!B2:B1312,$A12,'Total Cases'!C2:C1312,"Cordillera Administrative Region"),0)} -> 85.52613 | D12: {=_xlfn.IFERROR(_xlfn.SUMIFS('Total Cases'!F2:F1312,'Total Cases'!A2:A1312,D$3,'Total Cases'!B2:B1312,$A12,'Total Cases'!C2:C1312,"Cordillera Administrative Region"),0)} -> 129.64972 | E12: {=_xlfn.IFERROR(_xlfn.SUMIFS('Total Cases'!F2:F1312,'Total Cases'!A2:A1312,E$3,'Total Cases'!B2:B1312,$A12,'Total Cases'!C2:C1312,"Cordillera Administrative Region"),0)} -> 0 | F12: {=_xlfn.IFERROR(_xlfn.SUMIFS('Total Cases'!F2:F1312,'Total Cases'!A2:A1312,F$3,'Total Cases'!B2:B1312,$A12,'Total Cases'!C2:C1312,"Cordillera Administrative Region"),0)} -> 0 | G12: {=_xlfn.IFERROR(_xlfn.SUMIFS('Total Cases'!F2:F1312,'Total Cases'!A2:A1312,G$3,'Total Cases'!B2:B1312,$A12,'Total Cases'!C2:C1312,"Cordillera Administrative Region"),0)} -> 217.31 | H12: {=_xlfn.IFERROR(_xlfn.SUMIFS('Total Cases'!F2:F1312,'Total Cases'!A2:A1312,H$3,'Total Cases'!B2:B1312,$A12,'Total Cases'!C2:C1312,"Cordillera Administrative Region"),0)} -> 1348.8906 | I12: {=_xlfn.IFERROR(_xlfn.SUMIFS('Total Cases'!F2:F1312,'Total Cases'!A2:A1312,I$3,'Total Cases'!B2:B1312,$A12,'Total Cases'!C2:C1312,"Cordillera Administrative Region"),0)} -> 339.06335
A13: October | B13: {=_xlfn.IFERROR(_xlfn.SUMIFS('Total Cases'!F2:F1312,'Total Cases'!A2:A1312,B$3,'Total Cases'!B2:B1312,$A13,'Total Cases'!C2:C1312,"Cordillera Administrative Region"),0)} -> 449.98589 | C13: {=_xlfn.IFERROR(_xlfn.SUMIFS('Total Cases'!F2:F1312,'Total Cases'!A2:A1312,C$3,'Total Cases'!B2:B1312,$A13,'Total Cases'!C2:C1312,"Cordillera Administrative Region"),0)} -> 210.10724 | D13: {=_xlfn.IFERROR(_xlfn.SUMIFS('Total Cases'!F2:F1312,'Total Cases'!A2:A1312,D$3,'Total Cases'!B2:B1312,$A13,'Total Cases'!C2:C1312,"Cordillera Administrative Region"),0)} -> 171.79921 | E13: {=_xlfn.IFERROR(_xlfn.SUMIFS('Total Cases'!F2:F1312,'Total Cases'!A2:A1312,E$3,'Total Cases'!B2:B1312,$A13,'Total Cases'!C2:C1312,"Cordillera Administrative Region"),0)} -> 0 | F13: {=_xlfn.IFERROR(_xlfn.SUMIFS('Total Cases'!F2:F1312,'Total Cases'!A2:A1312,F$3,'Total Cases'!B2:B1312,$A13,'Total Cases'!C2:C1312,"Cordillera Administrative Region"),0)} -> 0 | G13: {=_xlfn.IFERROR(_xlfn.SUMIFS('Total Cases'!F2:F1312,'Total Cases'!A2:A1312,G$3,'Total Cases'!B2:B1312,$A13,'Total Cases'!C2:C1312,"Cordillera Administrative Region"),0)} -> 187.27181 | H13: {=_xlfn.IFERROR(_xlfn.SUMIFS('Total Cases'!F2:F1312,'Total Cases'!A2:A1312,H$3,'Total Cases'!B2:B1312,$A13,'Total Cases'!C2:C1312,"Cordillera Administrative Region"),0)} -> 1215.6128 | I13: {=_xlfn.IFERROR(_xlfn.SUMIFS('Total Cases'!F2:F1312,'Total Cases'!A2:A1312,I$3,'Total Cases'!B2:B1312,$A13,'Total Cases'!C2:C1312,"Cordillera Administrative Region"),0)} -> 88.033758
A14: November | B14: {=_xlfn.IFERROR(_xlfn.SUMIFS('Total Cases'!F2:F1312,'Total Cases'!A2:A1312,B$3,'Total Cases'!B2:B1312,$A14,'Total Cases'!C2:C1312,"Cordillera Administrative Region"),0)} -> 348.77374 | C14: {=_xlfn.IFERROR(_xlfn.SUMIFS('Total Cases'!F2:F1312,'Total Cases'!A2:A1312,C$3,'Total Cases'!B2:B1312,$A14,'Total Cases'!C2:C1312,"Cordillera Administrative Region"),0)} -> 158.40741 | D14: {=_xlfn.IFERROR(_xlfn.SUMIFS('Total Cases'!F2:F1312,'Total Cases'!A2:A1312,D$3,'Total Cases'!B2:B1312,$A14,'Total Cases'!C2:C1312,"Cordillera Administrative Region"),0)} -> 64.131259 | E14: {=_xlfn.IFERROR(_xlfn.SUMIFS('Total Cases'!F2:F1312,'Total Cases'!A2:A1312,E$3,'Total Cases'!B2:B1312,$A14,'Total Cases'!C2:C1312,"Cordillera Administrative Region"),0)} -> 0 | F14: {=_xlfn.IFERROR(_xlfn.SUMIFS('Total Cases'!F2:F1312,'Total Cases'!A2:A1312,F$3,'Total Cases'!B2:B1312,$A14,'Total Cases'!C2:C1312,"Cordillera Administrative Region"),0)} -> 0 | G14: {=_xlfn.IFERROR(_xlfn.SUMIFS('Total Cases'!F2:F1312,'Total Cases'!A2:A1312,G$3,'Total Cases'!B2:B1312,$A14,'Total Cases'!C2:C1312,"Cordillera Administrative Region"),0)} -> 64.344674 | H14: {=_xlfn.IFERROR(_xlfn.SUMIFS('Total Cases'!F2:F1312,'Total Cases'!A2:A1312,H$3,'Total Cases'!B2:B1312,$A14,'Total Cases'!C2:C1312,"Cordillera Administrative Region"),0)} -> 1075.0256 | I14: {=_xlfn.IFERROR(_xlfn.SUMIFS('Total Cases'!F2:F1312,'Total Cases'!A2:A1312,I$3,'Total Cases'!B2:B1312,$A14,'Total Cases'!C2:C1312,"Cordillera Administrative Region"),0)} -> 127.14209
A15: December | B15: {=_xlfn.IFERROR(_xlfn.SUMIFS('Total Cases'!F2:F1312,'Total Cases'!A2:A1312,B$3,'Total Cases'!B2:B1312,$A15,'Total Cases'!C2:C1312,"Cordillera Administrative Region"),0)} -> 348.24021 | C15: {=_xlfn.IFERROR(_xlfn.SUMIFS('Total Cases'!F2:F1312,'Total Cases'!A2:A1312,C$3,'Total Cases'!B2:B1312,$A15,'Total Cases'!C2:C1312,"Cordillera Administrative Region"),0)} -> 136.15888 | D15: {=_xlfn.IFERROR(_xlfn.SUMIFS('Total Cases'!F2:F1312,'Total Cases'!A2:A1312,D$3,'Total Cases'!B2:B1312,$A15,'Total Cases'!C2:C1312,"Cordillera Administrative Region"),0)} -> 81.844718 | E15: {=_xlfn.IFERROR(_xlfn.SUMIFS('Total Cases'!F2:F1312,'Total Cases'!A2:A1312,E$3,'Total Cases'!B2:B1312,$A15,'Total Cases'!C2:C1312,"Cordillera Administrative Region"),0)} -> 0 | F15: {=_xlfn.IFERROR(_xlfn.SUMIFS('Total Cases'!F2:F1312,'Total Cases'!A2:A1312,F$3,'Total Cases'!B2:B1312,$A15,'Total Cases'!C2:C1312,"Cordillera Administrative Region"),0)} -> 0 | G15: {=_xlfn.IFERROR(_xlfn.SUMIFS('Total Cases'!F2:F1312,'Total Cases'!A2:A1312,G$3,'Total Cases'!B2:B1312,$A15,'Total Cases'!C2:C1312,"Cordillera Administrative Region"),0)} -> 137.27931 | H15: {=_xlfn.IFERROR(_xlfn.SUMIFS('Total Cases'!F2:F1312,'Total Cases'!A2:A1312,H$3,'Total Cases'!B2:B1312,$A15,'Total Cases'!C2:C1312,"Cordillera Administrative Region"),0)} -> 867.63938 | I15: {=_xlfn.IFERROR(_xlfn.SUMIFS('Total Cases'!F2:F1312,'Total Cases'!A2:A1312,I$3,'Total Cases'!B2:B1312,$A15,'Total Cases'!C2:C1312,"Cordillera Administrative Region"),0)} -> 119.6192

Sheet Chart - Ilocos
A1: Monthly Incidence Rate (per 100k) by Disease — Ilocos
A3: Month | B3: Cardiovascular Diseases | C3: Digestive & Metabolic Disorders | D3: Genitourinary & Reproductive Health | E3: Health Services & Screening | F3: Injuries & External Causes | G3: No reported data | H3: Respiratory Diseases | I3: Skin & Soft Tissue Diseases | J3: Symptoms & Other Findings
A4: January | B4: {=_xlfn.IFERROR(_xlfn.SUMIFS('Total Cases'!F2:F1312,'Total Cases'!A2:A1312,B$3,'Total Cases'!B2:B1312,$A4,'Total Cases'!C2:C1312,"Ilocos"),0)} -> 71.783708 | C4: {=_xlfn.IFERROR(_xlfn.SUMIFS('Total Cases'!F2:F1312,'Total Cases'!A2:A1312,C$3,'Total Cases'!B2:B1312,$A4,'Total Cases'!C2:C1312,"Ilocos"),0)} -> 35.562067 | D4: {=_xlfn.IFERROR(_xlfn.SUMIFS('Total Cases'!F2:F1312,'Total Cases'!A2:A1312,D$3,'Total Cases'!B2:B1312,$A4,'Total Cases'!C2:C1312,"Ilocos"),0)} -> 9.8752983 | E4: {=_xlfn.IFERROR(_xlfn.SUMIFS('Total Cases'!F2:F1312,'Total Cases'!A2:A1312,E$3,'Total Cases'!B2:B1312,$A4,'Total Cases'!C2:C1312,"Ilocos"),0)} -> 31.916085 | F4: {=_xlfn.IFERROR(_xlfn.SUMIFS('Total Cases'!F2:F1312,'Total Cases'!A2:A1312,F$3,'Total Cases'!B2:B1312,$A4,'Total Cases'!C2:C1312,"Ilocos"),0)} -> 45.510651 | G4: {=_xlfn.IFERROR(_xlfn.SUMIFS('Total Cases'!F2:F1312,'Total Cases'!A2:A1312,G$3,'Total Cases'!B2:B1312,$A4,'Total Cases'!C2:C1312,"Ilocos"),0)} -> 0 | H4: {=_xlfn.IFERROR(_xlfn.SUMIFS('Total Cases'!F2:F1312,'Total Cases'!A2:A1312,H$3,'Total Cases'!B2:B1312,$A4,'Total Cases'!C2:C1312,"Ilocos"),0)} -> 129.20335 | I4: {=_xlfn.IFERROR(_xlfn.SUMIFS('Total Cases'!F2:F1312,'Total Cases'!A2:A1312,I$3,'Total Cases'!B2:B1312,$A4,'Total Cases'!C2:C1312,"Ilocos"),0)} -> 11.689129 | J4: {=_xlfn.IFERROR(_xlfn.SUMIFS('Total Cases'!F2:F1312,'Total Cases'!A2:A1312,J$3,'Total Cases'!B2:B1312,$A4,'Total Cases'!C2:C1312,"Ilocos"),0)} -> 0
A5: February | B5: {=_xlfn.IFERROR(_xlfn.SUMIFS('Total Cases'!F2:F1312,'Total Cases'!A2:A1312,B$3,'Total Cases'!B2:B1312,$A5,'Total Cases'!C2:C1312,"Ilocos"),0)} -> 115.77367 | C5: {=_xlfn.IFERROR(_xlfn.SUMIFS('Total Cases'!F2:F1312,'Total Cases'!A2:A1312,C$3,'Total Cases'!B2:B1312,$A5,'Total Cases'!C2:C1312,"Ilocos"),0)} -> 83.161371 | D5: {=_xlfn.IFERROR(_xlfn.SUMIFS('Total Cases'!F2:F1312,'Total Cases'!A2:A1312,D$3,'Total Cases'!B2:B1312,$A5,'Total Cases'!C2:C1312,"Ilocos"),0)} -> 31.934406 | E5: {=_xlfn.IFERROR(_xlfn.SUMIFS('Total Cases'!F2:F1312,'Total Cases'!A2:A1312,E$3,'Total Cases'!B2:B1312,$A5,'Total Cases'!C2:C1312,"Ilocos"),0)} -> 31.274831 | F5: {=_xlfn.IFERROR(_xlfn.SUMIFS('Total Cases'!F2:F1312,'Total Cases'!A2:A1312,F$3,'Total Cases'!B2:B1312,$A5,'Total Cases'!C2:C1312,"Ilocos"),0)} -> 66.543754 | G5: {=_xlfn.IFERROR(_xlfn.SUMIFS('Total Cases'!F2:F1312,'Total Cases'!A2:A1312,G$3,'Total Cases'!B2:B1312,$A5,'Total Cases'!C2:C1312,"Ilocos"),0)} -> 0 | H5: {=_xlfn.IFERROR(_xlfn.SUMIFS('Total Cases'!F2:F1312,'Total Cases'!A2:A1312,H$3,'Total Cases'!B2:B1312,$A5,'Total Cases'!C2:C1312,"Ilocos"),0)} -> 237.19037 | I5: {=_xlfn.IFERROR(_xlfn.SUMIFS('Total Cases'!F2:F1312,'Total Cases'!A2:A1312,I$3,'Total Cases'!B2:B1312,$A5,'Total Cases'!C2:C1312,"Ilocos"),0)} -> 0 | J5: {=_xlfn.IFERROR(_xlfn.SUMIFS('Total Cases'!F2:F1312,'Total Cases'!A2:A1312,J$3,'Total Cases'!B2:B1312,$A5,'Total Cases'!C2:C1312,"Ilocos"),0)} -> 24.605799
A6: March | B6: {=_xlfn.IFERROR(_xlfn.SUMIFS('Total Cases'!F2:F1312,'Total Cases'!A2:A1312,B$3,'Total Cases'!B2:B1312,$A6,'Total Cases'!C2:C1312,"Ilocos"),0)} -> 108.77485 | C6: {=_xlfn.IFERROR(_xlfn.SUMIFS('Total Cases'!F2:F1312,'Total Cases'!A2:A1312,C$3,'Total Cases'!B2:B1312,$A6,'Total Cases'!C2:C1312,"Ilocos"),0)} -> 50.32921 | D6: {=_xlfn.IFERROR(_xlfn.SUMIFS('Total Cases'!F2:F1312,'Total Cases'!A2:A1312,D$3,'Total Cases'!B2:B1312,$A6,'Total Cases'!C2:C1312,"Ilocos"),0)} -> 56.686777 | E6: {=_xlfn.IFERROR(_xlfn.SUMIFS('Total Cases'!F2:F1312,'Total Cases'!A2:A1312,E$3,'Total Cases'!B2:B1312,$A6,'Total Cases'!C2:C1312,"Ilocos"),0)} -> 0 | F6: {=_xlfn.IFERROR(_xlfn.SUMIFS('Total Cases'!F2:F1312,'Total Cases'!A2:A1312,F$3,'Total Cases'!B2:B1312,$A6,'Total Cases'!C2:C1312,"Ilocos"),0)} -> 47.947413 | G6: {=_xlfn.IFERROR(_xlfn.SUMIFS('Total Cases'!F2:F1312,'Total Cases'!A2:A1312,G$3,'Total Cases'!B2:B1312,$A6,'Total Cases'!C2:C1312,"Ilocos"),0)} -> 0 | H6: {=_xlfn.IFERROR(_xlfn.SUMIFS('Total Cases'!F2:F1312,'Total Cases'!A2:A1312,H$3,'Total Cases'!B2:B1312,$A6,'Total Cases'!C2:C1312,"Ilocos"),0)} -> 312.63838 | I6: {=_xlfn.IFERROR(_xlfn.SUMIFS('Total Cases'!F2:F1312,'Total Cases'!A2:A1312,I$3,'Total Cases'!B2:B1312,$A6,'Total Cases'!C2:C1312,"Ilocos"),0)} -> 0 | J6: {=_xlfn.IFERROR(_xlfn.SUMIFS('Total Cases'!F2:F1312,'Total Cases'!A2:A1312,J$3,'Total Cases'!B2:B1312,$A6,'Total Cases'!C2:C1312,"Ilocos"),0)} -> 0
A7: April | B7: {=_xlfn.IFERROR(_xlfn.SUMIFS('Total Cases'!F2:F1312,'Total Cases'!A2:A1312,B$3,'Total Cases'!B2:B1312,$A7,'Total Cases'!C2:C1312,"Ilocos"),0)} -> 0 | C7: {=_xlfn.IFERROR(_xlfn.SUMIFS('Total Cases'!F2:F1312,'Total Cases'!A2:A1312,C$3,'Total Cases'!B2:B1312,$A7,'Total Cases'!C2:C1312,"Ilocos"),0)} -> 0 | D7: {=_xlfn.IFERROR(_xlfn.SUMIFS('Total Cases'!F2:F1312,'Total Cases'!A2:A1312,D$3,'Total Cases'!B2:B1312,$A7,'Total Cases'!C2:C1312,"Ilocos"),0)} -> 0 | E7: {=_xlfn.IFERROR(_xlfn.SUMIFS('Total Cases'!F2:F1312,'Total Cases'!A2:A1312,E$3,'Total Cases'!B2:B1312,$A7,'Total Cases'!C2:C1312,"Ilocos"),0)} -> 0 | F7: {=_xlfn.IFERROR(_xlfn.SUMIFS('Total Cases'!F2:F1312,'Total Cases'!A2:A1312,F$3,'Total Cases'!B2:B1312,$A7,'Total Cases'!C2:C1312,"Ilocos"),0)} -> 0 | G7: {=_xlfn.IFERROR(_xlfn.SUMIFS('Total Cases'!F2:F1312,'Total Cases'!A2:A1312,G$3,'Total Cases'!B2:B1312,$A7,'Total Cases'!C2:C1312,"Ilocos"),0)} -> 0 | H7: {=_xlfn.IFERROR(_xlfn.SUMIFS('Total Cases'!F2:F1312,'Total Cases'!A2:A1312,H$3,'Total Cases'!B2:B1312,$A7,'Total Cases'!C2:C1312,"Ilocos"),0)} -> 0 | I7: {=_xlfn.IFERROR(_xlfn.SUMIFS('Total Cases'!F2:F1312,'Total Cases'!A2:A1312,I$3,'Total Cases'!B2:B1312,$A7,'Total Cases'!C2:C1312,"Ilocos"),0)} -> 0 | J7: {=_xlfn.IFERROR(_xlfn.SUMIFS('Total Cases'!F2:F1312,'Total Cases'!A2:A1312,J$3,'Total Cases'!B2:B1312,$A7,'Total Cases'!C2:C1312,"Ilocos"),0)} -> 0
A8: May | B8: {=_xlfn.IFERROR(_xlfn.SUMIFS('Total Cases'!F2:F1312,'Total Cases'!A2:A1312,B$3,'Total Cases'!B2:B1312,$A8,'Total Cases'!C2:C1312,"Ilocos"),0)} -> 123.13892 | C8: {=_xlfn.IFERROR(_xlfn.SUMIFS('Total Cases'!F2:F1312,'Total Cases'!A2:A1312,C$3,'Total Cases'!B2:B1312,$A8,'Total Cases'!C2:C1312,"Ilocos"),0)} -> 100.71338 | D8: {=_xlfn.IFERROR(_xlfn.SUMIFS('Total Cases'!F2:F1312,'Total Cases'!A2:A1312,D$3,'Total Cases'!B2:B1312,$A8,'Total Cases'!C2:C1312,"Ilocos"),0)} -> 31.000009 | E8: {=_xlfn.IFERROR(_xlfn.SUMIFS('Total Cases'!F2:F1312,'Total Cases'!A2:A1312,E$3,'Total Cases'!B2:B1312,$A8,'Total Cases'!C2:C1312,"Ilocos"),0)} -> 0 | F8: {=_xlfn.IFERROR(_xlfn.SUMIFS('Total Cases'!F2:F1312,'Total Cases'!A2:A1312,F$3,'Total Cases'!B2:B1312,$A8,'Total Cases'!C2:C1312,"Ilocos"),0)} -> 107.18088 | G8: {=_xlfn.IFERROR(_xlfn.SUMIFS('Total Cases'!F2:F1312,'Total Cases'!A2:A1312,G$3,'Total Cases'!B2:B1312,$A8,'Total Cases'!C2:C1312,"Ilocos"),0)} -> 0 | H8: {=_xlfn.IFERROR(_xlfn.SUMIFS('Total Cases'!F2:F1312,'Total Cases'!A2:A1312,H$3,'Total Cases'!B2:B1312,$A8,'Total Cases'!C2:C1312,"Ilocos"),0)} -> 111.52308 | I8: {=_xlfn.IFERROR(_xlfn.SUMIFS('Total Cases'!F2:F1312,'Total Cases'!A2:A1312,I$3,'Total Cases'!B2:B1312,$A8,'Total Cases'!C2:C1312,"Ilocos"),0)} -> 17.25887 | J8: {=_xlfn.IFERROR(_xlfn.SUMIFS('Total Cases'!F2:F1312,'Total Cases'!A2:A1312,J$3,'Total Cases'!B2:B1312,$A8,'Total Cases'!C2:C1312,"Ilocos"),0)} -> 19.78724
A9: June | B9: {=_xlfn.IFERROR(_xlfn.SUMIFS('Total Cases'!F2:F1312,'Total Cases'!A2:A1312,B$3,'Total Cases'!B2:B1312,$A9,'Total Cases'!C2:C1312,"Ilocos"),0)} -> 130.79732 | C9: {=_xlfn.IFERROR(_xlfn.SUMIFS('Total Cases'!F2:F1312,'Total Cases'!A2:A1312,C$3,'Total Cases'!B2:B1312,$A9,'Total Cases'!C2:C1312,"Ilocos"),0)} -> 110.49708 | D9: {=_xlfn.IFERROR(_xlfn.SUMIFS('Total Cases'!F2:F1312,'Total Cases'!A2:A1312,D$3,'Total Cases'!B2:B1312,$A9,'Total Cases'!C2:C1312,"Ilocos"),0)} -> 33.106983 | E9: {=_xlfn.IFERROR(_xlfn.SUMIFS('Total Cases'!F2:F1312,'Total Cases'!A2:A1312,E$3,'Total Cases'!B2:B1312,$A9,'Total Cases'!C2:C1312,"Ilocos"),0)} -> 0 | F9: {=_xlfn.IFERROR(_xlfn.SUMIFS('Total Cases'!F2:F1312,'Total Cases'!A2:A1312,F$3,'Total Cases'!B2:B1312,$A9,'Total Cases'!C2:C1312,"Ilocos"),0)} -> 149.8517 | G9: {=_xlfn.IFERROR(_xlfn.SUMIFS('Total Cases'!F2:F1312,'Total Cases'!A2:A1312,G$3,'Total Cases'!B2:B1312,$A9,'Total Cases'!C2:C1312,"Ilocos"),0)} -> 0 | H9: {=_xlfn.IFERROR(_xlfn.SUMIFS('Total Cases'!F2:F1312,'Total Cases'!A2:A1312,H$3,'Total Cases'!B2:B1312,$A9,'Total Cases'!C2:C1312,"Ilocos"),0)} -> 119.9693 | I9: {=_xlfn.IFERROR(_xlfn.SUMIFS('Total Cases'!F2:F1312,'Total Cases'!A2:A1312,I$3,'Total Cases'!B2:B1312,$A9,'Total Cases'!C2:C1312,"Ilocos"),0)} -> 19.255916 | J9: {=_xlfn.IFERROR(_xlfn.SUMIFS('Total Cases'!F2:F1312,'Total Cases'!A2:A1312,J$3,'Total Cases'!B2:B1312,$A9,'Total Cases'!C2:C1312,"Ilocos"),0)} -> 20.575065
A10: July | B10: {=_xlfn.IFERROR(_xlfn.SUMIFS('Total Cases'!F2:F1312,'Total Cases'!A2:A1312,B$3,'Total Cases'!B2:B1312,$A10,'Total Cases'!C2:C1312,"Ilocos"),0)} -> 69.127088 | C10: {=_xlfn.IFERROR(_xlfn.SUMIFS('Total Cases'!F2:F1312,'Total Cases'!A2:A1312,C$3,'Total Cases'!B2:B1312,$A10,'Total Cases'!C2:C1312,"Ilocos"),0)} -> 22.498824 | D10: {=_xlfn.IFERROR(_xlfn.SUMIFS('Total Cases'!F2:F1312,'Total Cases'!A2:A1312,D$3,'Total Cases'!B2:B1312,$A10,'Total Cases'!C2:C1312,"Ilocos"),0)} -> 26.034877 | E10: {=_xlfn.IFERROR(_xlfn.SUMIFS('Total Cases'!F2:F1312,'Total Cases'!A2:A1312,E$3,'Total Cases'!B2:B1312,$A10,'Total Cases'!C2:C1312,"Ilocos"),0)} -> 0 | F10: {=_xlfn.IFERROR(_xlfn.SUMIFS('Total Cases'!F2:F1312,'Total Cases'!A2:A1312,F$3,'Total Cases'!B2:B1312,$A10,'Total Cases'!C2:C1312,"Ilocos"),0)} -> 99.467522 | G10: {=_xlfn.IFERROR(_xlfn.SUMIFS('Total Cases'!F2:F1312,'Total Cases'!A2:A1312,G$3,'Total Cases'!B2:B1312,$A10,'Total Cases'!C2:C1312,"Ilocos"),0)} -> 0 | H10: {=_xlfn.IFERROR(_xlfn.SUMIFS('Total Cases'!F2:F1312,'Total Cases'!A2:A1312,H$3,'Total Cases'!B2:B1312,$A10,'Total Cases'!C2:C1312,"Ilocos"),0)} -> 141.95512 | I10: {=_xlfn.IFERROR(_xlfn.SUMIFS('Total Cases'!F2:F1312,'Total Cases'!A2:A1312,I$3,'Total Cases'!B2:B1312,$A10,'Total Cases'!C2:C1312,"Ilocos"),0)} -> 32.758874 | J10: {=_xlfn.IFERROR(_xlfn.SUMIFS('Total Cases'!F2:F1312,'Total Cases'!A2:A1312,J$3,'Total Cases'!B2:B1312,$A10,'Total Cases'!C2:C1312,"Ilocos"),0)} -> 0
A11: August | B11: {=_xlfn.IFERROR(_xlfn.SUMIFS('Total Cases'!F2:F1312,'Total Cases'!A2:A1312,B$3,'Total Cases'!B2:B1312,$A11,'Total Cases'!C2:C1312,"Ilocos"),0)} -> 158.05974 | C11: {=_xlfn.IFERROR(_xlfn.SUMIFS('Total Cases'!F2:F1312,'Total Cases'!A2:A1312,C$3,'Total Cases'!B2:B1312,$A11,'Total Cases'!C2:C1312,"Ilocos"),0)} -> 65.902501 | D11: {=_xlfn.IFERROR(_xlfn.SUMIFS('Total Cases'!F2:F1312,'Total Cases'!A2:A1312,D$3,'Total Cases'!B2:B1312,$A11,'Total Cases'!C2:C1312,"Ilocos"),0)} -> 0 | E11: {=_xlfn.IFERROR(_xlfn.SUMIFS('Total Cases'!F2:F1312,'Total Cases'!A2:A1312,E$3,'Total Cases'!B2:B1312,$A11,'Total Cases'!C2:C1312,"Ilocos"),0)} -> 0 | F11: {=_xlfn.IFERROR(_xlfn.SUMIFS('Total Cases'!F2:F1312,'Total Cases'!A2:A1312,F$3,'Total Cases'!B2:B1312,$A11,'Total Cases'!C2:C1312,"Ilocos"),0)} -> 188.87653 | G11: {=_xlfn.IFERROR(_xlfn.SUMIFS('Total Cases'!F2:F1312,'Total Cases'!A2:A1312,G$3,'Total Cases'!B2:B1312,$A11,'Total Cases'!C2:C1312,"Ilocos"),0)} -> 0 | H11: {=_xlfn.IFERROR(_xlfn.SUMIFS('Total Cases'!F2:F1312,'Total Cases'!A2:A1312,H$3,'Total Cases'!B2:B1312,$A11,'Total Cases'!C2:C1312,"Ilocos"),0)} -> 499.95759 | I11: {=_xlfn.IFERROR(_xlfn.SUMIFS('Total Cases'!F2:F1312,'Total Cases'!A2:A1312,I$3,'Total Cases'!B2:B1312,$A11,'Total Cases'!C2:C1312,"Ilocos"),0)} -> 58.555572 | J11: {=_xlfn.IFERROR(_xlfn.SUMIFS('Total Cases'!F2:F1312,'Total Cases'!A2:A1312,J$3,'Total Cases'!B2:B1312,$A11,'Total Cases'!C2:C1312,"Ilocos"),0)} -> 189.04142
A12: September | B12: {=_xlfn.IFERROR(_xlfn.SUMIFS('Total Cases'!F2:F1312,'Total Cases'!A2:A1312,B$3,'Total Cases'!B2:B1312,$A12,'Total Cases'!C2:C1312,"Ilocos"),0)} -> 150.71281 | C12: {=_xlfn.IFERROR(_xlfn.SUMIFS('Total Cases'!F2:F1312,'Total Cases'!A2:A1312,C$3,'Total Cases'!B2:B1312,$A12,'Total Cases'!C2:C1312,"Ilocos"),0)} -> 65.975787 | D12: {=_xlfn.IFERROR(_xlfn.SUMIFS('Total Cases'!F2:F1312,'Total Cases'!A2:A1312,D$3,'Total Cases'!B2:B1312,$A12,'Total Cases'!C2:C1312,"Ilocos"),0)} -> 0 | E12: {=_xlfn.IFERROR(_xlfn.SUMIFS('Total Cases'!F2:F1312,'Total Cases'!A2:A1312,E$3,'Total Cases'!B2:B1312,$A12,'Total Cases'!C2:C1312,"Ilocos"),0)} -> 0 | F12: {=_xlfn.IFERROR(_xlfn.SUMIFS('Total Cases'!F2:F1312,'Total Cases'!A2:A1312,F$3,'Total Cases'!B2:B1312,$A12,'Total Cases'!C2:C1312,"Ilocos"),0)} -> 167.29378 | G12: {=_xlfn.IFERROR(_xlfn.SUMIFS('Total Cases'!F2:F1312,'Total Cases'!A2:A1312,G$3,'Total Cases'!B2:B1312,$A12,'Total Cases'!C2:C1312,"Ilocos"),0)} -> 0 | H12: {=_xlfn.IFERROR(_xlfn.SUMIFS('Total Cases'!F2:F1312,'Total Cases'!A2:A1312,H$3,'Total Cases'!B2:B1312,$A12,'Total Cases'!C2:C1312,"Ilocos"),0)} -> 896.98488 | I12: {=_xlfn.IFERROR(_xlfn.SUMIFS('Total Cases'!F2:F1312,'Total Cases'!A2:A1312,I$3,'Total Cases'!B2:B1312,$A12,'Total Cases'!C2:C1312,"Ilocos"),0)} -> 0 | J12: {=_xlfn.IFERROR(_xlfn.SUMIFS('Total Cases'!F2:F1312,'Total Cases'!A2:A1312,J$3,'Total Cases'!B2:B1312,$A12,'Total Cases'!C2:C1312,"Ilocos"),0)} -> 192.72405
A13: October | B13: {=_xlfn.IFERROR(_xlfn.SUMIFS('Total Cases'!F2:F1312,'Total Cases'!A2:A1312,B$3,'Total Cases'!B2:B1312,$A13,'Total Cases'!C2:C1312,"Ilocos"),0)} -> 136.89838 | C13: {=_xlfn.IFERROR(_xlfn.SUMIFS('Total Cases'!F2:F1312,'Total Cases'!A2:A1312,C$3,'Total Cases'!B2:B1312,$A13,'Total Cases'!C2:C1312,"Ilocos"),0)} -> 142.26659 | D13: {=_xlfn.IFERROR(_xlfn.SUMIFS('Total Cases'!F2:F1312,'Total Cases'!A2:A1312,D$3,'Total Cases'!B2:B1312,$A13,'Total Cases'!C2:C1312,"Ilocos"),0)} -> 0 | E13: {=_xlfn.IFERROR(_xlfn.SUMIFS('Total Cases'!F2:F1312,'Total Cases'!A2:A1312,E$3,'Total Cases'!B2:B1312,$A13,'Total Cases'!C2:C1312,"Ilocos"),0)} -> 0 | F13: {=_xlfn.IFERROR(_xlfn.SUMIFS('Total Cases'!F2:F1312,'Total Cases'!A2:A1312,F$3,'Total Cases'!B2:B1312,$A13,'Total Cases'!C2:C1312,"Ilocos"),0)} -> 121.23349 | G13: {=_xlfn.IFERROR(_xlfn.SUMIFS('Total Cases'!F2:F1312,'Total Cases'!A2:A1312,G$3,'Total Cases'!B2:B1312,$A13,'Total Cases'!C2:C1312,"Ilocos"),0)} -> 0 | H13: {=_xlfn.IFERROR(_xlfn.SUMIFS('Total Cases'!F2:F1312,'Total Cases'!A2:A1312,H$3,'Total Cases'!B2:B1312,$A13,'Total Cases'!C2:C1312,"Ilocos"),0)} -> 871.92105 | I13: {=_xlfn.IFERROR(_xlfn.SUMIFS('Total Cases'!F2:F1312,'Total Cases'!A2:A1312,I$3,'Total Cases'!B2:B1312,$A13,'Total Cases'!C2:C1312,"Ilocos"),0)} -> 0 | J13: {=_xlfn.IFERROR(_xlfn.SUMIFS('Total Cases'!F2:F1312,'Total Cases'!A2:A1312,J$3,'Total Cases'!B2:B1312,$A13,'Total Cases'!C2:C1312,"Ilocos"),0)} -> 254.10113
A14: November | B14: {=_xlfn.IFERROR(_xlfn.SUMIFS('Total Cases'!F2:F1312,'Total Cases'!A2:A1312,B$3,'Total Cases'!B2:B1312,$A14,'Total Cases'!C2:C1312,"Ilocos"),0)} -> 202.70928 | C14: {=_xlfn.IFERROR(_xlfn.SUMIFS('Total Cases'!F2:F1312,'Total Cases'!A2:A1312,C$3,'Total Cases'!B2:B1312,$A14,'Total Cases'!C2:C1312,"Ilocos"),0)} -> 59.563255 | D14: {=_xlfn.IFERROR(_xlfn.SUMIFS('Total Cases'!F2:F1312,'Total Cases'!A2:A1312,D$3,'Total Cases'!B2:B1312,$A14,'Total Cases'!C2:C1312,"Ilocos"),0)} -> 39.70273 | E14: {=_xlfn.IFERROR(_xlfn.SUMIFS('Total Cases'!F2:F1312,'Total Cases'!A2:A1312,E$3,'Total Cases'!B2:B1312,$A14,'Total Cases'!C2:C1312,"Ilocos"),0)} -> 0 | F14: {=_xlfn.IFERROR(_xlfn.SUMIFS('Total Cases'!F2:F1312,'Total Cases'!A2:A1312,F$3,'Total Cases'!B2:B1312,$A14,'Total Cases'!C2:C1312,"Ilocos"),0)} -> 149.02723 | G14: {=_xlfn.IFERROR(_xlfn.SUMIFS('Total Cases'!F2:F1312,'Total Cases'!A2:A1312,G$3,'Total Cases'!B2:B1312,$A14,'Total Cases'!C2:C1312,"Ilocos"),0)} -> 0 | H14: {=_xlfn.IFERROR(_xlfn.SUMIFS('Total Cases'!F2:F1312,'Total Cases'!A2:A1312,H$3,'Total Cases'!B2:B1312,$A14,'Total Cases'!C2:C1312,"Ilocos"),0)} -> 377.05684 | I14: {=_xlfn.IFERROR(_xlfn.SUMIFS('Total Cases'!F2:F1312,'Total Cases'!A2:A1312,I$3,'Total Cases'!B2:B1312,$A14,'Total Cases'!C2:C1312,"Ilocos"),0)} -> 34.700955 | J14: {=_xlfn.IFERROR(_xlfn.SUMIFS('Total Cases'!F2:F1312,'Total Cases'!A2:A1312,J$3,'Total Cases'!B2:B1312,$A14,'Total Cases'!C2:C1312,"Ilocos"),0)} -> 36.514786
A15: December | B15: {=_xlfn.IFERROR(_xlfn.SUMIFS('Total Cases'!F2:F1312,'Total Cases'!A2:A1312,B$3,'Total Cases'!B2:B1312,$A15,'Total Cases'!C2:C1312,"Ilocos"),0)} -> 93.89778 | C15: {=_xlfn.IFERROR(_xlfn.SUMIFS('Total Cases'!F2:F1312,'Total Cases'!A2:A1312,C$3,'Total Cases'!B2:B1312,$A15,'Total Cases'!C2:C1312,"Ilocos"),0)} -> 175.77664 | D15: {=_xlfn.IFERROR(_xlfn.SUMIFS('Total Cases'!F2:F1312,'Total Cases'!A2:A1312,D$3,'Total Cases'!B2:B1312,$A15,'Total Cases'!C2:C1312,"Ilocos"),0)} -> 0 | E15: {=_xlfn.IFERROR(_xlfn.SUMIFS('Total Cases'!F2:F1312,'Total Cases'!A2:A1312,E$3,'Total Cases'!B2:B1312,$A15,'Total Cases'!C2:C1312,"Ilocos"),0)} -> 0 | F15: {=_xlfn.IFERROR(_xlfn.SUMIFS('Total Cases'!F2:F1312,'Total Cases'!A2:A1312,F$3,'Total Cases'!B2:B1312,$A15,'Total Cases'!C2:C1312,"Ilocos"),0)} -> 123.01067 | G15: {=_xlfn.IFERROR(_xlfn.SUMIFS('Total Cases'!F2:F1312,'Total Cases'!A2:A1312,G$3,'Total Cases'!B2:B1312,$A15,'Total Cases'!C2:C1312,"Ilocos"),0)} -> 0 | H15: {=_xlfn.IFERROR(_xlfn.SUMIFS('Total Cases'!F2:F1312,'Total Cases'!A2:A1312,H$3,'Total Cases'!B2:B1312,$A15,'Total Cases'!C2:C1312,"Ilocos"),0)} -> 561.82935 | I15: {=_xlfn.IFERROR(_xlfn.SUMIFS('Total Cases'!F2:F1312,'Total Cases'!A2:A1312,I$3,'Total Cases'!B2:B1312,$A15,'Total Cases'!C2:C1312,"Ilocos"),0)} -> 0 | J15: {=_xlfn.IFERROR(_xlfn.SUMIFS('Total Cases'!F2:F1312,'Total Cases'!A2:A1312,J$3,'Total Cases'!B2:B1312,$A15,'Total Cases'!C2:C1312,"Ilocos"),0)} -> 178.61648

Sheet Chart - Cagayan Valley
A1: Monthly Incidence Rate (per 100k) by Disease — Cagayan Valley
A3: Month | B3: Cardiovascular Diseases | C3: Digestive & Metabolic Disorders | D3: Genitourinary & Reproductive Health | E3: Health Services & Screening | F3: Infectious & Parasitic Diseases | G3: Injuries & External Causes | H3: Respiratory Diseases | I3: Skin & Soft Tissue Diseases | J3: Symptoms & Other Findings
A4: January | B4: {=_xlfn.IFERROR(_xlfn.SUMIFS('Total Cases'!F2:F1312,'Total Cases'!A2:A1312,B$3,'Total Cases'!B2:B1312,$A4,'Total Cases'!C2:C1312,"Cagayan Valley"),0)} -> 274.02686 | C4: {=_xlfn.IFERROR(_xlfn.SUMIFS('Total Cases'!F2:F1312,'Total Cases'!A2:A1312,C$3,'Total Cases'!B2:B1312,$A4,'Total Cases'!C2:C1312,"Cagayan Valley"),0)} -> 46.710315 | D4: {=_xlfn.IFERROR(_xlfn.SUMIFS('Total Cases'!F2:F1312,'Total Cases'!A2:A1312,D$3,'Total Cases'!B2:B1312,$A4,'Total Cases'!C2:C1312,"Cagayan Valley"),0)} -> 79.431114 | E4: {=_xlfn.IFERROR(_xlfn.SUMIFS('Total Cases'!F2:F1312,'Total Cases'!A2:A1312,E$3,'Total Cases'!B2:B1312,$A4,'Total Cases'!C2:C1312,"Cagayan Valley"),0)} -> 0 | F4: {=_xlfn.IFERROR(_xlfn.SUMIFS('Total Cases'!F2:F1312,'Total Cases'!A2:A1312,F$3,'Total Cases'!B2:B1312,$A4,'Total Cases'!C2:C1312,"Cagayan Valley"),0)} -> 0 | G4: {=_xlfn.IFERROR(_xlfn.SUMIFS('Total Cases'!F2:F1312,'Total Cases'!A2:A1312,G$3,'Total Cases'!B2:B1312,$A4,'Total Cases'!C2:C1312,"Cagayan Valley"),0)} -> 0 | H4: {=_xlfn.IFERROR(_xlfn.SUMIFS('Total Cases'!F2:F1312,'Total Cases'!A2:A1312,H$3,'Total Cases'!B2:B1312,$A4,'Total Cases'!C2:C1312,"Cagayan Valley"),0)} -> 729.00053 | I4: {=_xlfn.IFERROR(_xlfn.SUMIFS('Total Cases'!F2:F1312,'Total Cases'!A2:A1312,I$3,'Total Cases'!B2:B1312,$A4,'Total Cases'!C2:C1312,"Cagayan Valley"),0)} -> 47.077082 | J4: {=_xlfn.IFERROR(_xlfn.SUMIFS('Total Cases'!F2:F1312,'Total Cases'!A2:A1312,J$3,'Total Cases'!B2:B1312,$A4,'Total Cases'!C2:C1312,"Cagayan Valley"),0)} -> 0
A5: February | B5: {=_xlfn.IFERROR(_xlfn.SUMIFS('Total Cases'!F2:F1312,'Total Cases'!A2:A1312,B$3,'Total Cases'!B2:B1312,$A5,'Total Cases'!C2:C1312,"Cagayan Valley"),0)} -> 290.29557 | C5: {=_xlfn.IFERROR(_xlfn.SUMIFS('Total Cases'!F2:F1312,'Total Cases'!A2:A1312,C$3,'Total Cases'!B2:B1312,$A5,'Total Cases'!C2:C1312,"Cagayan Valley"),0)} -> 38.012713 | D5: {=_xlfn.IFERROR(_xlfn.SUMIFS('Total Cases'!F2:F1312,'Total Cases'!A2:A1312,D$3,'Total Cases'!B2:B1312,$A5,'Total Cases'!C2:C1312,"Cagayan Valley"),0)} -> 27.58607 | E5: {=_xlfn.IFERROR(_xlfn.SUMIFS('Total Cases'!F2:F1312,'Total Cases'!A2:A1312,E$3,'Total Cases'!B2:B1312,$A5,'Total Cases'!C2:C1312,"Cagayan Valley"),0)} -> 41.10403 | F5: {=_xlfn.IFERROR(_xlfn.SUMIFS('Total Cases'!F2:F1312,'Total Cases'!A2:A1312,F$3,'Total Cases'!B2:B1312,$A5,'Total Cases'!C2:C1312,"Cagayan Valley"),0)} -> 48.701333 | G5: {=_xlfn.IFERROR(_xlfn.SUMIFS('Total Cases'!F2:F1312,'Total Cases'!A2:A1312,G$3,'Total Cases'!B2:B1312,$A5,'Total Cases'!C2:C1312,"Cagayan Valley"),0)} -> 0 | H5: {=_xlfn.IFERROR(_xlfn.SUMIFS('Total Cases'!F2:F1312,'Total Cases'!A2:A1312,H$3,'Total Cases'!B2:B1312,$A5,'Total Cases'!C2:C1312,"Cagayan Valley"),0)} -> 437.49987 | I5: {=_xlfn.IFERROR(_xlfn.SUMIFS('Total Cases'!F2:F1312,'Total Cases'!A2:A1312,I$3,'Total Cases'!B2:B1312,$A5,'Total Cases'!C2:C1312,"Cagayan Valley"),0)} -> 0 | J5: {=_xlfn.IFERROR(_xlfn.SUMIFS('Total Cases'!F2:F1312,'Total Cases'!A2:A1312,J$3,'Total Cases'!B2:B1312,$A5,'Total Cases'!C2:C1312,"Cagayan Valley"),0)} -> 0
A6: March | B6: {=_xlfn.IFERROR(_xlfn.SUMIFS('Total Cases'!F2:F1312,'Total Cases'!A2:A1312,B$3,'Total Cases'!B2:B1312,$A6,'Total Cases'!C2:C1312,"Cagayan Valley"),0)} -> 171.43707 | C6: {=_xlfn.IFERROR(_xlfn.SUMIFS('Total Cases'!F2:F1312,'Total Cases'!A2:A1312,C$3,'Total Cases'!B2:B1312,$A6,'Total Cases'!C2:C1312,"Cagayan Valley"),0)} -> 81.10776 | D6: {=_xlfn.IFERROR(_xlfn.SUMIFS('Total Cases'!F2:F1312,'Total Cases'!A2:A1312,D$3,'Total Cases'!B2:B1312,$A6,'Total Cases'!C2:C1312,"Cagayan Valley"),0)} -> 38.955827 | E6: {=_xlfn.IFERROR(_xlfn.SUMIFS('Total Cases'!F2:F1312,'Total Cases'!A2:A1312,E$3,'Total Cases'!B2:B1312,$A6,'Total Cases'!C2:C1312,"Cagayan Valley"),0)} -> 23.892208 | F6: {=_xlfn.IFERROR(_xlfn.SUMIFS('Total Cases'!F2:F1312,'Total Cases'!A2:A1312,F$3,'Total Cases'!B2:B1312,$A6,'Total Cases'!C2:C1312,"Cagayan Valley"),0)} -> 0 | G6: {=_xlfn.IFERROR(_xlfn.SUMIFS('Total Cases'!F2:F1312,'Total Cases'!A2:A1312,G$3,'Total Cases'!B2:B1312,$A6,'Total Cases'!C2:C1312,"Cagayan Valley"),0)} -> 82.443838 | H6: {=_xlfn.IFERROR(_xlfn.SUMIFS('Total Cases'!F2:F1312,'Total Cases'!A2:A1312,H$3,'Total Cases'!B2:B1312,$A6,'Total Cases'!C2:C1312,"Cagayan Valley"),0)} -> 239.8128 | I6: {=_xlfn.IFERROR(_xlfn.SUMIFS('Total Cases'!F2:F1312,'Total Cases'!A2:A1312,I$3,'Total Cases'!B2:B1312,$A6,'Total Cases'!C2:C1312,"Cagayan Valley"),0)} -> 0 | J6: {=_xlfn.IFERROR(_xlfn.SUMIFS('Total Cases'!F2:F1312,'Total Cases'!A2:A1312,J$3,'Total Cases'!B2:B1312,$A6,'Total Cases'!C2:C1312,"Cagayan Valley"),0)} -> 22.922897
A7: April | B7: {=_xlfn.IFERROR(_xlfn.SUMIFS('Total Cases'!F2:F1312,'Total Cases'!A2:A1312,B$3,'Total Cases'!B2:B1312,$A7,'Total Cases'!C2:C1312,"Cagayan Valley"),0)} -> 1316.0363 | C7: {=_xlfn.IFERROR(_xlfn.SUMIFS('Total Cases'!F2:F1312,'Total Cases'!A2:A1312,C$3,'Total Cases'!B2:B1312,$A7,'Total Cases'!C2:C1312,"Cagayan Valley"),0)} -> 313.9782 | D7: {=_xlfn.IFERROR(_xlfn.SUMIFS('Total Cases'!F2:F1312,'Total Cases'!A2:A1312,D$3,'Total Cases'!B2:B1312,$A7,'Total Cases'!C2:C1312,"Cagayan Valley"),0)} -> 340.30678 | E7: {=_xlfn.IFERROR(_xlfn.SUMIFS('Total Cases'!F2:F1312,'Total Cases'!A2:A1312,E$3,'Total Cases'!B2:B1312,$A7,'Total Cases'!C2:C1312,"Cagayan Valley"),0)} -> 0 | F7: {=_xlfn.IFERROR(_xlfn.SUMIFS('Total Cases'!F2:F1312,'Total Cases'!A2:A1312,F$3,'Total Cases'!B2:B1312,$A7,'Total Cases'!C2:C1312,"Cagayan Valley"),0)} -> 0 | G7: {=_xlfn.IFERROR(_xlfn.SUMIFS('Total Cases'!F2:F1312,'Total Cases'!A2:A1312,G$3,'Total Cases'!B2:B1312,$A7,'Total Cases'!C2:C1312,"Cagayan Valley"),0)} -> 357.20423 | H7: {=_xlfn.IFERROR(_xlfn.SUMIFS('Total Cases'!F2:F1312,'Total Cases'!A2:A1312,H$3,'Total Cases'!B2:B1312,$A7,'Total Cases'!C2:C1312,"Cagayan Valley"),0)} -> 4897.9027 | I7: {=_xlfn.IFERROR(_xlfn.SUMIFS('Total Cases'!F2:F1312,'Total Cases'!A2:A1312,I$3,'Total Cases'!B2:B1312,$A7,'Total Cases'!C2:C1312,"Cagayan Valley"),0)} -> 354.84645 | J7: {=_xlfn.IFERROR(_xlfn.SUMIFS('Total Cases'!F2:F1312,'Total Cases'!A2:A1312,J$3,'Total Cases'!B2:B1312,$A7,'Total Cases'!C2:C1312,"Cagayan Valley"),0)} -> 0
A8: May | B8: {=_xlfn.IFERROR(_xlfn.SUMIFS('Total Cases'!F2:F1312,'Total Cases'!A2:A1312,B$3,'Total Cases'!B2:B1312,$A8,'Total Cases'!C2:C1312,"Cagayan Valley"),0)} -> 73.720038 | C8: {=_xlfn.IFERROR(_xlfn.SUMIFS('Total Cases'!F2:F1312,'Total Cases'!A2:A1312,C$3,'Total Cases'!B2:B1312,$A8,'Total Cases'!C2:C1312,"Cagayan Valley"),0)} -> 18.914665 | D8: {=_xlfn.IFERROR(_xlfn.SUMIFS('Total Cases'!F2:F1312,'Total Cases'!A2:A1312,D$3,'Total Cases'!B2:B1312,$A8,'Total Cases'!C2:C1312,"Cagayan Valley"),0)} -> 23.053885 | E8: {=_xlfn.IFERROR(_xlfn.SUMIFS('Total Cases'!F2:F1312,'Total Cases'!A2:A1312,E$3,'Total Cases'!B2:B1312,$A8,'Total Cases'!C2:C1312,"Cagayan Valley"),0)} -> 0 | F8: {=_xlfn.IFERROR(_xlfn.SUMIFS('Total Cases'!F2:F1312,'Total Cases'!A2:A1312,F$3,'Total Cases'!B2:B1312,$A8,'Total Cases'!C2:C1312,"Cagayan Valley"),0)} -> 0 | G8: {=_xlfn.IFERROR(_xlfn.SUMIFS('Total Cases'!F2:F1312,'Total Cases'!A2:A1312,G$3,'Total Cases'!B2:B1312,$A8,'Total Cases'!C2:C1312,"Cagayan Valley"),0)} -> 48.360764 | H8: {=_xlfn.IFERROR(_xlfn.SUMIFS('Total Cases'!F2:F1312,'Total Cases'!A2:A1312,H$3,'Total Cases'!B2:B1312,$A8,'Total Cases'!C2:C1312,"Cagayan Valley"),0)} -> 226.89739 | I8: {=_xlfn.IFERROR(_xlfn.SUMIFS('Total Cases'!F2:F1312,'Total Cases'!A2:A1312,I$3,'Total Cases'!B2:B1312,$A8,'Total Cases'!C2:C1312,"Cagayan Valley"),0)} -> 18.626491 | J8: {=_xlfn.IFERROR(_xlfn.SUMIFS('Total Cases'!F2:F1312,'Total Cases'!A2:A1312,J$3,'Total Cases'!B2:B1312,$A8,'Total Cases'!C2:C1312,"Cagayan Valley"),0)} -> 0
A9: June | B9: {=_xlfn.IFERROR(_xlfn.SUMIFS('Total Cases'!F2:F1312,'Total Cases'!A2:A1312,B$3,'Total Cases'!B2:B1312,$A9,'Total Cases'!C2:C1312,"Cagayan Valley"),0)} -> 93.682607 | C9: {=_xlfn.IFERROR(_xlfn.SUMIFS('Total Cases'!F2:F1312,'Total Cases'!A2:A1312,C$3,'Total Cases'!B2:B1312,$A9,'Total Cases'!C2:C1312,"Cagayan Valley"),0)} -> 27.69086 | D9: {=_xlfn.IFERROR(_xlfn.SUMIFS('Total Cases'!F2:F1312,'Total Cases'!A2:A1312,D$3,'Total Cases'!B2:B1312,$A9,'Total Cases'!C2:C1312,"Cagayan Valley"),0)} -> 43.645197 | E9: {=_xlfn.IFERROR(_xlfn.SUMIFS('Total Cases'!F2:F1312,'Total Cases'!A2:A1312,E$3,'Total Cases'!B2:B1312,$A9,'Total Cases'!C2:C1312,"Cagayan Valley"),0)} -> 0 | F9: {=_xlfn.IFERROR(_xlfn.SUMIFS('Total Cases'!F2:F1312,'Total Cases'!A2:A1312,F$3,'Total Cases'!B2:B1312,$A9,'Total Cases'!C2:C1312,"Cagayan Valley"),0)} -> 34.659421 | G9: {=_xlfn.IFERROR(_xlfn.SUMIFS('Total Cases'!F2:F1312,'Total Cases'!A2:A1312,G$3,'Total Cases'!B2:B1312,$A9,'Total Cases'!C2:C1312,"Cagayan Valley"),0)} -> 107.20057 | H9: {=_xlfn.IFERROR(_xlfn.SUMIFS('Total Cases'!F2:F1312,'Total Cases'!A2:A1312,H$3,'Total Cases'!B2:B1312,$A9,'Total Cases'!C2:C1312,"Cagayan Valley"),0)} -> 266.16758 | I9: {=_xlfn.IFERROR(_xlfn.SUMIFS('Total Cases'!F2:F1312,'Total Cases'!A2:A1312,I$3,'Total Cases'!B2:B1312,$A9,'Total Cases'!C2:C1312,"Cagayan Valley"),0)} -> 73.667643 | J9: {=_xlfn.IFERROR(_xlfn.SUMIFS('Total Cases'!F2:F1312,'Total Cases'!A2:A1312,J$3,'Total Cases'!B2:B1312,$A9,'Total Cases'!C2:C1312,"Cagayan Valley"),0)} -> 0
A10: July | B10: {=_xlfn.IFERROR(_xlfn.SUMIFS('Total Cases'!F2:F1312,'Total Cases'!A2:A1312,B$3,'Total Cases'!B2:B1312,$A10,'Total Cases'!C2:C1312,"Cagayan Valley"),0)} -> 68.297135 | C10: {=_xlfn.IFERROR(_xlfn.SUMIFS('Total Cases'!F2:F1312,'Total Cases'!A2:A1312,C$3,'Total Cases'!B2:B1312,$A10,'Total Cases'!C2:C1312,"Cagayan Valley"),0)} -> 23.132478 | D10: {=_xlfn.IFERROR(_xlfn.SUMIFS('Total Cases'!F2:F1312,'Total Cases'!A2:A1312,D$3,'Total Cases'!B2:B1312,$A10,'Total Cases'!C2:C1312,"Cagayan Valley"),0)} -> 34.895199 | E10: {=_xlfn.IFERROR(_xlfn.SUMIFS('Total Cases'!F2:F1312,'Total Cases'!A2:A1312,E$3,'Total Cases'!B2:B1312,$A10,'Total Cases'!C2:C1312,"Cagayan Valley"),0)} -> 0 | F10: {=_xlfn.IFERROR(_xlfn.SUMIFS('Total Cases'!F2:F1312,'Total Cases'!A2:A1312,F$3,'Total Cases'!B2:B1312,$A10,'Total Cases'!C2:C1312,"Cagayan Valley"),0)} -> 22.818107 | G10: {=_xlfn.IFERROR(_xlfn.SUMIFS('Total Cases'!F2:F1312,'Total Cases'!A2:A1312,G$3,'Total Cases'!B2:B1312,$A10,'Total Cases'!C2:C1312,"Cagayan Valley"),0)} -> 23.682628 | H10: {=_xlfn.IFERROR(_xlfn.SUMIFS('Total Cases'!F2:F1312,'Total Cases'!A2:A1312,H$3,'Total Cases'!B2:B1312,$A10,'Total Cases'!C2:C1312,"Cagayan Valley"),0)} -> 243.1137 | I10: {=_xlfn.IFERROR(_xlfn.SUMIFS('Total Cases'!F2:F1312,'Total Cases'!A2:A1312,I$3,'Total Cases'!B2:B1312,$A10,'Total Cases'!C2:C1312,"Cagayan Valley"),0)} -> 30.336817 | J10: {=_xlfn.IFERROR(_xlfn.SUMIFS('Total Cases'!F2:F1312,'Total Cases'!A2:A1312,J$3,'Total Cases'!B2:B1312,$A10,'Total Cases'!C2:C1312,"Cagayan Valley"),0)} -> 0
A11: August | B11: {=_xlfn.IFERROR(_xlfn.SUMIFS('Total Cases'!F2:F1312,'Total Cases'!A2:A1312,B$3,'Total Cases'!B2:B1312,$A11,'Total Cases'!C2:C1312,"Cagayan Valley"),0)} -> 78.776174 | C11: {=_xlfn.IFERROR(_xlfn.SUMIFS('Total Cases'!F2:F1312,'Total Cases'!A2:A1312,C$3,'Total Cases'!B2:B1312,$A11,'Total Cases'!C2:C1312,"Cagayan Valley"),0)} -> 25.437867 | D11: {=_xlfn.IFERROR(_xlfn.SUMIFS('Total Cases'!F2:F1312,'Total Cases'!A2:A1312,D$3,'Total Cases'!B2:B1312,$A11,'Total Cases'!C2:C1312,"Cagayan Valley"),0)} -> 30.022446 | E11: {=_xlfn.IFERROR(_xlfn.SUMIFS('Total Cases'!F2:F1312,'Total Cases'!A2:A1312,E$3,'Total Cases'!B2:B1312,$A11,'Total Cases'!C2:C1312,"Cagayan Valley"),0)} -> 0 | F11: {=_xlfn.IFERROR(_xlfn.SUMIFS('Total Cases'!F2:F1312,'Total Cases'!A2:A1312,F$3,'Total Cases'!B2:B1312,$A11,'Total Cases'!C2:C1312,"Cagayan Valley"),0)} -> 31.882475 | G11: {=_xlfn.IFERROR(_xlfn.SUMIFS('Total Cases'!F2:F1312,'Total Cases'!A2:A1312,G$3,'Total Cases'!B2:B1312,$A11,'Total Cases'!C2:C1312,"Cagayan Valley"),0)} -> 28.633973 | H11: {=_xlfn.IFERROR(_xlfn.SUMIFS('Total Cases'!F2:F1312,'Total Cases'!A2:A1312,H$3,'Total Cases'!B2:B1312,$A11,'Total Cases'!C2:C1312,"Cagayan Valley"),0)} -> 267.16309 | I11: {=_xlfn.IFERROR(_xlfn.SUMIFS('Total Cases'!F2:F1312,'Total Cases'!A2:A1312,I$3,'Total Cases'!B2:B1312,$A11,'Total Cases'!C2:C1312,"Cagayan Valley"),0)} -> 28.083824 | J11: {=_xlfn.IFERROR(_xlfn.SUMIFS('Total Cases'!F2:F1312,'Total Cases'!A2:A1312,J$3,'Total Cases'!B2:B1312,$A11,'Total Cases'!C2:C1312,"Cagayan Valley"),0)} -> 0
A12: September | B12: {=_xlfn.IFERROR(_xlfn.SUMIFS('Total Cases'!F2:F1312,'Total Cases'!A2:A1312,B$3,'Total Cases'!B2:B1312,$A12,'Total Cases'!C2:C1312,"Cagayan Valley"),0)} -> 148.12121 | C12: {=_xlfn.IFERROR(_xlfn.SUMIFS('Total Cases'!F2:F1312,'Total Cases'!A2:A1312,C$3,'Total Cases'!B2:B1312,$A12,'Total Cases'!C2:C1312,"Cagayan Valley"),0)} -> 41.627982 | D12: {=_xlfn.IFERROR(_xlfn.SUMIFS('Total Cases'!F2:F1312,'Total Cases'!A2:A1312,D$3,'Total Cases'!B2:B1312,$A12,'Total Cases'!C2:C1312,"Cagayan Valley"),0)} -> 32.511218 | E12: {=_xlfn.IFERROR(_xlfn.SUMIFS('Total Cases'!F2:F1312,'Total Cases'!A2:A1312,E$3,'Total Cases'!B2:B1312,$A12,'Total Cases'!C2:C1312,"Cagayan Valley"),0)} -> 0 | F12: {=_xlfn.IFERROR(_xlfn.SUMIFS('Total Cases'!F2:F1312,'Total Cases'!A2:A1312,F$3,'Total Cases'!B2:B1312,$A12,'Total Cases'!C2:C1312,"Cagayan Valley"),0)} -> 83.203568 | G12: {=_xlfn.IFERROR(_xlfn.SUMIFS('Total Cases'!F2:F1312,'Total Cases'!A2:A1312,G$3,'Total Cases'!B2:B1312,$A12,'Total Cases'!C2:C1312,"Cagayan Valley"),0)} -> 29.629482 | H12: {=_xlfn.IFERROR(_xlfn.SUMIFS('Total Cases'!F2:F1312,'Total Cases'!A2:A1312,H$3,'Total Cases'!B2:B1312,$A12,'Total Cases'!C2:C1312,"Cagayan Valley"),0)} -> 471.68773 | I12: {=_xlfn.IFERROR(_xlfn.SUMIFS('Total Cases'!F2:F1312,'Total Cases'!A2:A1312,I$3,'Total Cases'!B2:B1312,$A12,'Total Cases'!C2:C1312,"Cagayan Valley"),0)} -> 42.597293 | J12: {=_xlfn.IFERROR(_xlfn.SUMIFS('Total Cases'!F2:F1312,'Total Cases'!A2:A1312,J$3,'Total Cases'!B2:B1312,$A12,'Total Cases'!C2:C1312,"Cagayan Valley"),0)} -> 0
A13: October | B13: {=_xlfn.IFERROR(_xlfn.SUMIFS('Total Cases'!F2:F1312,'Total Cases'!A2:A1312,B$3,'Total Cases'!B2:B1312,$A13,'Total Cases'!C2:C1312,"Cagayan Valley"),0)} -> 101.4109 | C13: {=_xlfn.IFERROR(_xlfn.SUMIFS('Total Cases'!F2:F1312,'Total Cases'!A2:A1312,C$3,'Total Cases'!B2:B1312,$A13,'Total Cases'!C2:C1312,"Cagayan Valley"),0)} -> 35.733522 | D13: {=_xlfn.IFERROR(_xlfn.SUMIFS('Total Cases'!F2:F1312,'Total Cases'!A2:A1312,D$3,'Total Cases'!B2:B1312,$A13,'Total Cases'!C2:C1312,"Cagayan Valley"),0)} -> 35.497744 | E13: {=_xlfn.IFERROR(_xlfn.SUMIFS('Total Cases'!F2:F1312,'Total Cases'!A2:A1312,E$3,'Total Cases'!B2:B1312,$A13,'Total Cases'!C2:C1312,"Cagayan Valley"),0)} -> 0 | F13: {=_xlfn.IFERROR(_xlfn.SUMIFS('Total Cases'!F2:F1312,'Total Cases'!A2:A1312,F$3,'Total Cases'!B2:B1312,$A13,'Total Cases'!C2:C1312,"Cagayan Valley"),0)} -> 50.011213 | G13: {=_xlfn.IFERROR(_xlfn.SUMIFS('Total Cases'!F2:F1312,'Total Cases'!A2:A1312,G$3,'Total Cases'!B2:B1312,$A13,'Total Cases'!C2:C1312,"Cagayan Valley"),0)} -> 24.494753 | H13: {=_xlfn.IFERROR(_xlfn.SUMIFS('Total Cases'!F2:F1312,'Total Cases'!A2:A1312,H$3,'Total Cases'!B2:B1312,$A13,'Total Cases'!C2:C1312,"Cagayan Valley"),0)} -> 453.37561 | I13: {=_xlfn.IFERROR(_xlfn.SUMIFS('Total Cases'!F2:F1312,'Total Cases'!A2:A1312,I$3,'Total Cases'!B2:B1312,$A13,'Total Cases'!C2:C1312,"Cagayan Valley"),0)} -> 27.79565 | J13: {=_xlfn.IFERROR(_xlfn.SUMIFS('Total Cases'!F2:F1312,'Total Cases'!A2:A1312,J$3,'Total Cases'!B2:B1312,$A13,'Total Cases'!C2:C1312,"Cagayan Valley"),0)} -> 0
A14: November | B14: {=_xlfn.IFERROR(_xlfn.SUMIFS('Total Cases'!F2:F1312,'Total Cases'!A2:A1312,B$3,'Total Cases'!B2:B1312,$A14,'Total Cases'!C2:C1312,"Cagayan Valley"),0)} -> 78.461803 | C14: {=_xlfn.IFERROR(_xlfn.SUMIFS('Total Cases'!F2:F1312,'Total Cases'!A2:A1312,C$3,'Total Cases'!B2:B1312,$A14,'Total Cases'!C2:C1312,"Cagayan Valley"),0)} -> 32.511218 | D14: {=_xlfn.IFERROR(_xlfn.SUMIFS('Total Cases'!F2:F1312,'Total Cases'!A2:A1312,D$3,'Total Cases'!B2:B1312,$A14,'Total Cases'!C2:C1312,"Cagayan Valley"),0)} -> 13.806134 | E14: {=_xlfn.IFERROR(_xlfn.SUMIFS('Total Cases'!F2:F1312,'Total Cases'!A2:A1312,E$3,'Total Cases'!B2:B1312,$A14,'Total Cases'!C2:C1312,"Cagayan Valley"),0)} -> 0 | F14: {=_xlfn.IFERROR(_xlfn.SUMIFS('Total Cases'!F2:F1312,'Total Cases'!A2:A1312,F$3,'Total Cases'!B2:B1312,$A14,'Total Cases'!C2:C1312,"Cagayan Valley"),0)} -> 0 | G14: {=_xlfn.IFERROR(_xlfn.SUMIFS('Total Cases'!F2:F1312,'Total Cases'!A2:A1312,G$3,'Total Cases'!B2:B1312,$A14,'Total Cases'!C2:C1312,"Cagayan Valley"),0)} -> 15.58757 | H14: {=_xlfn.IFERROR(_xlfn.SUMIFS('Total Cases'!F2:F1312,'Total Cases'!A2:A1312,H$3,'Total Cases'!B2:B1312,$A14,'Total Cases'!C2:C1312,"Cagayan Valley"),0)} -> 231.01041 | I14: {=_xlfn.IFERROR(_xlfn.SUMIFS('Total Cases'!F2:F1312,'Total Cases'!A2:A1312,I$3,'Total Cases'!B2:B1312,$A14,'Total Cases'!C2:C1312,"Cagayan Valley"),0)} -> 17.211821 | J14: {=_xlfn.IFERROR(_xlfn.SUMIFS('Total Cases'!F2:F1312,'Total Cases'!A2:A1312,J$3,'Total Cases'!B2:B1312,$A14,'Total Cases'!C2:C1312,"Cagayan Valley"),0)} -> 0
A15: December | B15: {=_xlfn.IFERROR(_xlfn.SUMIFS('Total Cases'!F2:F1312,'Total Cases'!A2:A1312,B$3,'Total Cases'!B2:B1312,$A15,'Total Cases'!C2:C1312,"Cagayan Valley"),0)} -> 155.69232 | C15: {=_xlfn.IFERROR(_xlfn.SUMIFS('Total Cases'!F2:F1312,'Total Cases'!A2:A1312,C$3,'Total Cases'!B2:B1312,$A15,'Total Cases'!C2:C1312,"Cagayan Valley"),0)} -> 77.151923 | D15: {=_xlfn.IFERROR(_xlfn.SUMIFS('Total Cases'!F2:F1312,'Total Cases'!A2:A1312,D$3,'Total Cases'!B2:B1312,$A15,'Total Cases'!C2:C1312,"Cagayan Valley"),0)} -> 42.859269 | E15: {=_xlfn.IFERROR(_xlfn.SUMIFS('Total Cases'!F2:F1312,'Total Cases'!A2:A1312,E$3,'Total Cases'!B2:B1312,$A15,'Total Cases'!C2:C1312,"Cagayan Valley"),0)} -> 0 | F15: {=_xlfn.IFERROR(_xlfn.SUMIFS('Total Cases'!F2:F1312,'Total Cases'!A2:A1312,F$3,'Total Cases'!B2:B1312,$A15,'Total Cases'!C2:C1312,"Cagayan Valley"),0)} -> 51.89744 | G15: {=_xlfn.IFERROR(_xlfn.SUMIFS('Total Cases'!F2:F1312,'Total Cases'!A2:A1312,G$3,'Total Cases'!B2:B1312,$A15,'Total Cases'!C2:C1312,"Cagayan Valley"),0)} -> 49.041901 | H15: {=_xlfn.IFERROR(_xlfn.SUMIFS('Total Cases'!F2:F1312,'Total Cases'!A2:A1312,H$3,'Total Cases'!B2:B1312,$A15,'Total Cases'!C2:C1312,"Cagayan Valley"),0)} -> 402.81425 | I15: {=_xlfn.IFERROR(_xlfn.SUMIFS('Total Cases'!F2:F1312,'Total Cases'!A2:A1312,I$3,'Total Cases'!B2:B1312,$A15,'Total Cases'!C2:C1312,"Cagayan Valley"),0)} -> 0 | J15: {=_xlfn.IFERROR(_xlfn.SUMIFS('Total Cases'!F2:F1312,'Total Cases'!A2:A1312,J$3,'Total Cases'!B2:B1312,$A15,'Total Cases'!C2:C1312,"Cagayan Valley"),0)} -> 0

Sheet Chart - Central Luzon
A1: Monthly Incidence Rate (per 100k) by Disease — Central Luzon
A3: Month | B3: Cardiovascular Diseases | C3: Digestive & Metabolic Disorders | D3: Genitourinary & Reproductive Health | E3: Infectious & Parasitic Diseases | F3: Injuries & External Causes | G3: Musculoskeletal Diseases | H3: Respiratory Diseases | I3: Skin & Soft Tissue Diseases | J3: Symptoms & Other Findings
A4: January | B4: {=_xlfn.IFERROR(_xlfn.SUMIFS('Total Cases'!F2:F1312,'Total Cases'!A2:A1312,B$3,'Total Cases'!B2:B1312,$A4,'Total Cases'!C2:C1312,"Central Luzon"),0)} -> 67.358174 | C4: {=_xlfn.IFERROR(_xlfn.SUMIFS('Total Cases'!F2:F1312,'Total Cases'!A2:A1312,C$3,'Total Cases'!B2:B1312,$A4,'Total Cases'!C2:C1312,"Central Luzon"),0)} -> 34.978213 | D4: {=_xlfn.IFERROR(_xlfn.SUMIFS('Total Cases'!F2:F1312,'Total Cases'!A2:A1312,D$3,'Total Cases'!B2:B1312,$A4,'Total Cases'!C2:C1312,"Central Luzon"),0)} -> 22.931085 | E4: {=_xlfn.IFERROR(_xlfn.SUMIFS('Total Cases'!F2:F1312,'Total Cases'!A2:A1312,E$3,'Total Cases'!B2:B1312,$A4,'Total Cases'!C2:C1312,"Central Luzon"),0)} -> 9.6905739 | F4: {=_xlfn.IFERROR(_xlfn.SUMIFS('Total Cases'!F2:F1312,'Total Cases'!A2:A1312,F$3,'Total Cases'!B2:B1312,$A4,'Total Cases'!C2:C1312,"Central Luzon"),0)} -> 0 | G4: {=_xlfn.IFERROR(_xlfn.SUMIFS('Total Cases'!F2:F1312,'Total Cases'!A2:A1312,G$3,'Total Cases'!B2:B1312,$A4,'Total Cases'!C2:C1312,"Central Luzon"),0)} -> 0 | H4: {=_xlfn.IFERROR(_xlfn.SUMIFS('Total Cases'!F2:F1312,'Total Cases'!A2:A1312,H$3,'Total Cases'!B2:B1312,$A4,'Total Cases'!C2:C1312,"Central Luzon"),0)} -> 196.7194 | I4: {=_xlfn.IFERROR(_xlfn.SUMIFS('Total Cases'!F2:F1312,'Total Cases'!A2:A1312,I$3,'Total Cases'!B2:B1312,$A4,'Total Cases'!C2:C1312,"Central Luzon"),0)} -> 9.2524965 | J4: {=_xlfn.IFERROR(_xlfn.SUMIFS('Total Cases'!F2:F1312,'Total Cases'!A2:A1312,J$3,'Total Cases'!B2:B1312,$A4,'Total Cases'!C2:C1312,"Central Luzon"),0)} -> 8.8295252
A5: February | B5: {=_xlfn.IFERROR(_xlfn.SUMIFS('Total Cases'!F2:F1312,'Total Cases'!A2:A1312,B$3,'Total Cases'!B2:B1312,$A5,'Total Cases'!C2:C1312,"Central Luzon"),0)} -> 27.621534 | C5: {=_xlfn.IFERROR(_xlfn.SUMIFS('Total Cases'!F2:F1312,'Total Cases'!A2:A1312,C$3,'Total Cases'!B2:B1312,$A5,'Total Cases'!C2:C1312,"Central Luzon"),0)} -> 13.542634 | D5: {=_xlfn.IFERROR(_xlfn.SUMIFS('Total Cases'!F2:F1312,'Total Cases'!A2:A1312,D$3,'Total Cases'!B2:B1312,$A5,'Total Cases'!C2:C1312,"Central Luzon"),0)} -> 27.538451 | E5: {=_xlfn.IFERROR(_xlfn.SUMIFS('Total Cases'!F2:F1312,'Total Cases'!A2:A1312,E$3,'Total Cases'!B2:B1312,$A5,'Total Cases'!C2:C1312,"Central Luzon"),0)} -> 8.0440071 | F5: {=_xlfn.IFERROR(_xlfn.SUMIFS('Total Cases'!F2:F1312,'Total Cases'!A2:A1312,F$3,'Total Cases'!B2:B1312,$A5,'Total Cases'!C2:C1312,"Central Luzon"),0)} -> 0 | G5: {=_xlfn.IFERROR(_xlfn.SUMIFS('Total Cases'!F2:F1312,'Total Cases'!A2:A1312,G$3,'Total Cases'!B2:B1312,$A5,'Total Cases'!C2:C1312,"Central Luzon"),0)} -> 0 | H5: {=_xlfn.IFERROR(_xlfn.SUMIFS('Total Cases'!F2:F1312,'Total Cases'!A2:A1312,H$3,'Total Cases'!B2:B1312,$A5,'Total Cases'!C2:C1312,"Central Luzon"),0)} -> 108.80181 | I5: {=_xlfn.IFERROR(_xlfn.SUMIFS('Total Cases'!F2:F1312,'Total Cases'!A2:A1312,I$3,'Total Cases'!B2:B1312,$A5,'Total Cases'!C2:C1312,"Central Luzon"),0)} -> 8.3990009 | J5: {=_xlfn.IFERROR(_xlfn.SUMIFS('Total Cases'!F2:F1312,'Total Cases'!A2:A1312,J$3,'Total Cases'!B2:B1312,$A5,'Total Cases'!C2:C1312,"Central Luzon"),0)} -> 7.8249684
A6: March | B6: {=_xlfn.IFERROR(_xlfn.SUMIFS('Total Cases'!F2:F1312,'Total Cases'!A2:A1312,B$3,'Total Cases'!B2:B1312,$A6,'Total Cases'!C2:C1312,"Central Luzon"),0)} -> 34.32865 | C6: {=_xlfn.IFERROR(_xlfn.SUMIFS('Total Cases'!F2:F1312,'Total Cases'!A2:A1312,C$3,'Total Cases'!B2:B1312,$A6,'Total Cases'!C2:C1312,"Central Luzon"),0)} -> 0 | D6: {=_xlfn.IFERROR(_xlfn.SUMIFS('Total Cases'!F2:F1312,'Total Cases'!A2:A1312,D$3,'Total Cases'!B2:B1312,$A6,'Total Cases'!C2:C1312,"Central Luzon"),0)} -> 7.4171033 | E6: {=_xlfn.IFERROR(_xlfn.SUMIFS('Total Cases'!F2:F1312,'Total Cases'!A2:A1312,E$3,'Total Cases'!B2:B1312,$A6,'Total Cases'!C2:C1312,"Central Luzon"),0)} -> 0 | F6: {=_xlfn.IFERROR(_xlfn.SUMIFS('Total Cases'!F2:F1312,'Total Cases'!A2:A1312,F$3,'Total Cases'!B2:B1312,$A6,'Total Cases'!C2:C1312,"Central Luzon"),0)} -> 0 | G6: {=_xlfn.IFERROR(_xlfn.SUMIFS('Total Cases'!F2:F1312,'Total Cases'!A2:A1312,G$3,'Total Cases'!B2:B1312,$A6,'Total Cases'!C2:C1312,"Central Luzon"),0)} -> 9.5621719 | H6: {=_xlfn.IFERROR(_xlfn.SUMIFS('Total Cases'!F2:F1312,'Total Cases'!A2:A1312,H$3,'Total Cases'!B2:B1312,$A6,'Total Cases'!C2:C1312,"Central Luzon"),0)} -> 157.4284 | I6: {=_xlfn.IFERROR(_xlfn.SUMIFS('Total Cases'!F2:F1312,'Total Cases'!A2:A1312,I$3,'Total Cases'!B2:B1312,$A6,'Total Cases'!C2:C1312,"Central Luzon"),0)} -> 8.5122968 | J6: {=_xlfn.IFERROR(_xlfn.SUMIFS('Total Cases'!F2:F1312,'Total Cases'!A2:A1312,J$3,'Total Cases'!B2:B1312,$A6,'Total Cases'!C2:C1312,"Central Luzon"),0)} -> 0
A7: April | B7: {=_xlfn.IFERROR(_xlfn.SUMIFS('Total Cases'!F2:F1312,'Total Cases'!A2:A1312,B$3,'Total Cases'!B2:B1312,$A7,'Total Cases'!C2:C1312,"Central Luzon"),0)} -> 1180.8829 | C7: {=_xlfn.IFERROR(_xlfn.SUMIFS('Total Cases'!F2:F1312,'Total Cases'!A2:A1312,C$3,'Total Cases'!B2:B1312,$A7,'Total Cases'!C2:C1312,"Central Luzon"),0)} -> 467.91196 | D7: {=_xlfn.IFERROR(_xlfn.SUMIFS('Total Cases'!F2:F1312,'Total Cases'!A2:A1312,D$3,'Total Cases'!B2:B1312,$A7,'Total Cases'!C2:C1312,"Central Luzon"),0)} -> 191.80992 | E7: {=_xlfn.IFERROR(_xlfn.SUMIFS('Total Cases'!F2:F1312,'Total Cases'!A2:A1312,E$3,'Total Cases'!B2:B1312,$A7,'Total Cases'!C2:C1312,"Central Luzon"),0)} -> 0 | F7: {=_xlfn.IFERROR(_xlfn.SUMIFS('Total Cases'!F2:F1312,'Total Cases'!A2:A1312,F$3,'Total Cases'!B2:B1312,$A7,'Total Cases'!C2:C1312,"Central Luzon"),0)} -> 690.31177 | G7: {=_xlfn.IFERROR(_xlfn.SUMIFS('Total Cases'!F2:F1312,'Total Cases'!A2:A1312,G$3,'Total Cases'!B2:B1312,$A7,'Total Cases'!C2:C1312,"Central Luzon"),0)} -> 0 | H7: {=_xlfn.IFERROR(_xlfn.SUMIFS('Total Cases'!F2:F1312,'Total Cases'!A2:A1312,H$3,'Total Cases'!B2:B1312,$A7,'Total Cases'!C2:C1312,"Central Luzon"),0)} -> 2863.2134 | I7: {=_xlfn.IFERROR(_xlfn.SUMIFS('Total Cases'!F2:F1312,'Total Cases'!A2:A1312,I$3,'Total Cases'!B2:B1312,$A7,'Total Cases'!C2:C1312,"Central Luzon"),0)} -> 215.71535 | J7: {=_xlfn.IFERROR(_xlfn.SUMIFS('Total Cases'!F2:F1312,'Total Cases'!A2:A1312,J$3,'Total Cases'!B2:B1312,$A7,'Total Cases'!C2:C1312,"Central Luzon"),0)} -> 175.94849
A8: May | B8: {=_xlfn.IFERROR(_xlfn.SUMIFS('Total Cases'!F2:F1312,'Total Cases'!A2:A1312,B$3,'Total Cases'!B2:B1312,$A8,'Total Cases'!C2:C1312,"Central Luzon"),0)} -> 23.70905 | C8: {=_xlfn.IFERROR(_xlfn.SUMIFS('Total Cases'!F2:F1312,'Total Cases'!A2:A1312,C$3,'Total Cases'!B2:B1312,$A8,'Total Cases'!C2:C1312,"Central Luzon"),0)} -> 32.946441 | D8: {=_xlfn.IFERROR(_xlfn.SUMIFS('Total Cases'!F2:F1312,'Total Cases'!A2:A1312,D$3,'Total Cases'!B2:B1312,$A8,'Total Cases'!C2:C1312,"Central Luzon"),0)} -> 24.419038 | E8: {=_xlfn.IFERROR(_xlfn.SUMIFS('Total Cases'!F2:F1312,'Total Cases'!A2:A1312,E$3,'Total Cases'!B2:B1312,$A8,'Total Cases'!C2:C1312,"Central Luzon"),0)} -> 0 | F8: {=_xlfn.IFERROR(_xlfn.SUMIFS('Total Cases'!F2:F1312,'Total Cases'!A2:A1312,F$3,'Total Cases'!B2:B1312,$A8,'Total Cases'!C2:C1312,"Central Luzon"),0)} -> 35.657988 | G8: {=_xlfn.IFERROR(_xlfn.SUMIFS('Total Cases'!F2:F1312,'Total Cases'!A2:A1312,G$3,'Total Cases'!B2:B1312,$A8,'Total Cases'!C2:C1312,"Central Luzon"),0)} -> 0 | H8: {=_xlfn.IFERROR(_xlfn.SUMIFS('Total Cases'!F2:F1312,'Total Cases'!A2:A1312,H$3,'Total Cases'!B2:B1312,$A8,'Total Cases'!C2:C1312,"Central Luzon"),0)} -> 64.759922 | I8: {=_xlfn.IFERROR(_xlfn.SUMIFS('Total Cases'!F2:F1312,'Total Cases'!A2:A1312,I$3,'Total Cases'!B2:B1312,$A8,'Total Cases'!C2:C1312,"Central Luzon"),0)} -> 23.414481 | J8: {=_xlfn.IFERROR(_xlfn.SUMIFS('Total Cases'!F2:F1312,'Total Cases'!A2:A1312,J$3,'Total Cases'!B2:B1312,$A8,'Total Cases'!C2:C1312,"Central Luzon"),0)} -> 0
A9: June | B9: {=_xlfn.IFERROR(_xlfn.SUMIFS('Total Cases'!F2:F1312,'Total Cases'!A2:A1312,B$3,'Total Cases'!B2:B1312,$A9,'Total Cases'!C2:C1312,"Central Luzon"),0)} -> 162.97989 | C9: {=_xlfn.IFERROR(_xlfn.SUMIFS('Total Cases'!F2:F1312,'Total Cases'!A2:A1312,C$3,'Total Cases'!B2:B1312,$A9,'Total Cases'!C2:C1312,"Central Luzon"),0)} -> 73.181582 | D9: {=_xlfn.IFERROR(_xlfn.SUMIFS('Total Cases'!F2:F1312,'Total Cases'!A2:A1312,D$3,'Total Cases'!B2:B1312,$A9,'Total Cases'!C2:C1312,"Central Luzon"),0)} -> 34.23046 | E9: {=_xlfn.IFERROR(_xlfn.SUMIFS('Total Cases'!F2:F1312,'Total Cases'!A2:A1312,E$3,'Total Cases'!B2:B1312,$A9,'Total Cases'!C2:C1312,"Central Luzon"),0)} -> 17.266291 | F9: {=_xlfn.IFERROR(_xlfn.SUMIFS('Total Cases'!F2:F1312,'Total Cases'!A2:A1312,F$3,'Total Cases'!B2:B1312,$A9,'Total Cases'!C2:C1312,"Central Luzon"),0)} -> 112.41972 | G9: {=_xlfn.IFERROR(_xlfn.SUMIFS('Total Cases'!F2:F1312,'Total Cases'!A2:A1312,G$3,'Total Cases'!B2:B1312,$A9,'Total Cases'!C2:C1312,"Central Luzon"),0)} -> 0 | H9: {=_xlfn.IFERROR(_xlfn.SUMIFS('Total Cases'!F2:F1312,'Total Cases'!A2:A1312,H$3,'Total Cases'!B2:B1312,$A9,'Total Cases'!C2:C1312,"Central Luzon"),0)} -> 215.68513 | I9: {=_xlfn.IFERROR(_xlfn.SUMIFS('Total Cases'!F2:F1312,'Total Cases'!A2:A1312,I$3,'Total Cases'!B2:B1312,$A9,'Total Cases'!C2:C1312,"Central Luzon"),0)} -> 18.02915 | J9: {=_xlfn.IFERROR(_xlfn.SUMIFS('Total Cases'!F2:F1312,'Total Cases'!A2:A1312,J$3,'Total Cases'!B2:B1312,$A9,'Total Cases'!C2:C1312,"Central Luzon"),0)} -> 0
A10: July | B10: {=_xlfn.IFERROR(_xlfn.SUMIFS('Total Cases'!F2:F1312,'Total Cases'!A2:A1312,B$3,'Total Cases'!B2:B1312,$A10,'Total Cases'!C2:C1312,"Central Luzon"),0)} -> 113.17503 | C10: {=_xlfn.IFERROR(_xlfn.SUMIFS('Total Cases'!F2:F1312,'Total Cases'!A2:A1312,C$3,'Total Cases'!B2:B1312,$A10,'Total Cases'!C2:C1312,"Central Luzon"),0)} -> 57.274841 | D10: {=_xlfn.IFERROR(_xlfn.SUMIFS('Total Cases'!F2:F1312,'Total Cases'!A2:A1312,D$3,'Total Cases'!B2:B1312,$A10,'Total Cases'!C2:C1312,"Central Luzon"),0)} -> 28.830024 | E10: {=_xlfn.IFERROR(_xlfn.SUMIFS('Total Cases'!F2:F1312,'Total Cases'!A2:A1312,E$3,'Total Cases'!B2:B1312,$A10,'Total Cases'!C2:C1312,"Central Luzon"),0)} -> 18.006491 | F10: {=_xlfn.IFERROR(_xlfn.SUMIFS('Total Cases'!F2:F1312,'Total Cases'!A2:A1312,F$3,'Total Cases'!B2:B1312,$A10,'Total Cases'!C2:C1312,"Central Luzon"),0)} -> 62.667725 | G10: {=_xlfn.IFERROR(_xlfn.SUMIFS('Total Cases'!F2:F1312,'Total Cases'!A2:A1312,G$3,'Total Cases'!B2:B1312,$A10,'Total Cases'!C2:C1312,"Central Luzon"),0)} -> 0 | H10: {=_xlfn.IFERROR(_xlfn.SUMIFS('Total Cases'!F2:F1312,'Total Cases'!A2:A1312,H$3,'Total Cases'!B2:B1312,$A10,'Total Cases'!C2:C1312,"Central Luzon"),0)} -> 224.59774 | I10: {=_xlfn.IFERROR(_xlfn.SUMIFS('Total Cases'!F2:F1312,'Total Cases'!A2:A1312,I$3,'Total Cases'!B2:B1312,$A10,'Total Cases'!C2:C1312,"Central Luzon"),0)} -> 18.293507 | J10: {=_xlfn.IFERROR(_xlfn.SUMIFS('Total Cases'!F2:F1312,'Total Cases'!A2:A1312,J$3,'Total Cases'!B2:B1312,$A10,'Total Cases'!C2:C1312,"Central Luzon"),0)} -> 0
A11: August | B11: {=_xlfn.IFERROR(_xlfn.SUMIFS('Total Cases'!F2:F1312,'Total Cases'!A2:A1312,B$3,'Total Cases'!B2:B1312,$A11,'Total Cases'!C2:C1312,"Central Luzon"),0)} -> 135.8191 | C11: {=_xlfn.IFERROR(_xlfn.SUMIFS('Total Cases'!F2:F1312,'Total Cases'!A2:A1312,C$3,'Total Cases'!B2:B1312,$A11,'Total Cases'!C2:C1312,"Central Luzon"),0)} -> 50.363793 | D11: {=_xlfn.IFERROR(_xlfn.SUMIFS('Total Cases'!F2:F1312,'Total Cases'!A2:A1312,D$3,'Total Cases'!B2:B1312,$A11,'Total Cases'!C2:C1312,"Central Luzon"),0)} -> 32.77272 | E11: {=_xlfn.IFERROR(_xlfn.SUMIFS('Total Cases'!F2:F1312,'Total Cases'!A2:A1312,E$3,'Total Cases'!B2:B1312,$A11,'Total Cases'!C2:C1312,"Central Luzon"),0)} -> 0 | F11: {=_xlfn.IFERROR(_xlfn.SUMIFS('Total Cases'!F2:F1312,'Total Cases'!A2:A1312,F$3,'Total Cases'!B2:B1312,$A11,'Total Cases'!C2:C1312,"Central Luzon"),0)} -> 74.850808 | G11: {=_xlfn.IFERROR(_xlfn.SUMIFS('Total Cases'!F2:F1312,'Total Cases'!A2:A1312,G$3,'Total Cases'!B2:B1312,$A11,'Total Cases'!C2:C1312,"Central Luzon"),0)} -> 0 | H11: {=_xlfn.IFERROR(_xlfn.SUMIFS('Total Cases'!F2:F1312,'Total Cases'!A2:A1312,H$3,'Total Cases'!B2:B1312,$A11,'Total Cases'!C2:C1312,"Central Luzon"),0)} -> 324.66066 | I11: {=_xlfn.IFERROR(_xlfn.SUMIFS('Total Cases'!F2:F1312,'Total Cases'!A2:A1312,I$3,'Total Cases'!B2:B1312,$A11,'Total Cases'!C2:C1312,"Central Luzon"),0)} -> 24.660736 | J11: {=_xlfn.IFERROR(_xlfn.SUMIFS('Total Cases'!F2:F1312,'Total Cases'!A2:A1312,J$3,'Total Cases'!B2:B1312,$A11,'Total Cases'!C2:C1312,"Central Luzon"),0)} -> 51.406115
A12: September | B12: {=_xlfn.IFERROR(_xlfn.SUMIFS('Total Cases'!F2:F1312,'Total Cases'!A2:A1312,B$3,'Total Cases'!B2:B1312,$A12,'Total Cases'!C2:C1312,"Central Luzon"),0)} -> 169.90605 | C12: {=_xlfn.IFERROR(_xlfn.SUMIFS('Total Cases'!F2:F1312,'Total Cases'!A2:A1312,C$3,'Total Cases'!B2:B1312,$A12,'Total Cases'!C2:C1312,"Central Luzon"),0)} -> 59.752245 | D12: {=_xlfn.IFERROR(_xlfn.SUMIFS('Total Cases'!F2:F1312,'Total Cases'!A2:A1312,D$3,'Total Cases'!B2:B1312,$A12,'Total Cases'!C2:C1312,"Central Luzon"),0)} -> 50.567726 | E12: {=_xlfn.IFERROR(_xlfn.SUMIFS('Total Cases'!F2:F1312,'Total Cases'!A2:A1312,E$3,'Total Cases'!B2:B1312,$A12,'Total Cases'!C2:C1312,"Central Luzon"),0)} -> 0 | F12: {=_xlfn.IFERROR(_xlfn.SUMIFS('Total Cases'!F2:F1312,'Total Cases'!A2:A1312,F$3,'Total Cases'!B2:B1312,$A12,'Total Cases'!C2:C1312,"Central Luzon"),0)} -> 92.970595 | G12: {=_xlfn.IFERROR(_xlfn.SUMIFS('Total Cases'!F2:F1312,'Total Cases'!A2:A1312,G$3,'Total Cases'!B2:B1312,$A12,'Total Cases'!C2:C1312,"Central Luzon"),0)} -> 0 | H12: {=_xlfn.IFERROR(_xlfn.SUMIFS('Total Cases'!F2:F1312,'Total Cases'!A2:A1312,H$3,'Total Cases'!B2:B1312,$A12,'Total Cases'!C2:C1312,"Central Luzon"),0)} -> 463.47077 | I12: {=_xlfn.IFERROR(_xlfn.SUMIFS('Total Cases'!F2:F1312,'Total Cases'!A2:A1312,I$3,'Total Cases'!B2:B1312,$A12,'Total Cases'!C2:C1312,"Central Luzon"),0)} -> 27.508238 | J12: {=_xlfn.IFERROR(_xlfn.SUMIFS('Total Cases'!F2:F1312,'Total Cases'!A2:A1312,J$3,'Total Cases'!B2:B1312,$A12,'Total Cases'!C2:C1312,"Central Luzon"),0)} -> 32.901122
A13: October | B13: {=_xlfn.IFERROR(_xlfn.SUMIFS('Total Cases'!F2:F1312,'Total Cases'!A2:A1312,B$3,'Total Cases'!B2:B1312,$A13,'Total Cases'!C2:C1312,"Central Luzon"),0)} -> 152.69263 | C13: {=_xlfn.IFERROR(_xlfn.SUMIFS('Total Cases'!F2:F1312,'Total Cases'!A2:A1312,C$3,'Total Cases'!B2:B1312,$A13,'Total Cases'!C2:C1312,"Central Luzon"),0)} -> 62.395815 | D13: {=_xlfn.IFERROR(_xlfn.SUMIFS('Total Cases'!F2:F1312,'Total Cases'!A2:A1312,D$3,'Total Cases'!B2:B1312,$A13,'Total Cases'!C2:C1312,"Central Luzon"),0)} -> 47.131084 | E13: {=_xlfn.IFERROR(_xlfn.SUMIFS('Total Cases'!F2:F1312,'Total Cases'!A2:A1312,E$3,'Total Cases'!B2:B1312,$A13,'Total Cases'!C2:C1312,"Central Luzon"),0)} -> 0 | F13: {=_xlfn.IFERROR(_xlfn.SUMIFS('Total Cases'!F2:F1312,'Total Cases'!A2:A1312,F$3,'Total Cases'!B2:B1312,$A13,'Total Cases'!C2:C1312,"Central Luzon"),0)} -> 80.825277 | G13: {=_xlfn.IFERROR(_xlfn.SUMIFS('Total Cases'!F2:F1312,'Total Cases'!A2:A1312,G$3,'Total Cases'!B2:B1312,$A13,'Total Cases'!C2:C1312,"Central Luzon"),0)} -> 0 | H13: {=_xlfn.IFERROR(_xlfn.SUMIFS('Total Cases'!F2:F1312,'Total Cases'!A2:A1312,H$3,'Total Cases'!B2:B1312,$A13,'Total Cases'!C2:C1312,"Central Luzon"),0)} -> 577.51439 | I13: {=_xlfn.IFERROR(_xlfn.SUMIFS('Total Cases'!F2:F1312,'Total Cases'!A2:A1312,I$3,'Total Cases'!B2:B1312,$A13,'Total Cases'!C2:C1312,"Central Luzon"),0)} -> 0 | J13: {=_xlfn.IFERROR(_xlfn.SUMIFS('Total Cases'!F2:F1312,'Total Cases'!A2:A1312,J$3,'Total Cases'!B2:B1312,$A13,'Total Cases'!C2:C1312,"Central Luzon"),0)} -> 31.889012
A14: November | B14: {=_xlfn.IFERROR(_xlfn.SUMIFS('Total Cases'!F2:F1312,'Total Cases'!A2:A1312,B$3,'Total Cases'!B2:B1312,$A14,'Total Cases'!C2:C1312,"Central Luzon"),0)} -> 139.62584 | C14: {=_xlfn.IFERROR(_xlfn.SUMIFS('Total Cases'!F2:F1312,'Total Cases'!A2:A1312,C$3,'Total Cases'!B2:B1312,$A14,'Total Cases'!C2:C1312,"Central Luzon"),0)} -> 54.691695 | D14: {=_xlfn.IFERROR(_xlfn.SUMIFS('Total Cases'!F2:F1312,'Total Cases'!A2:A1312,D$3,'Total Cases'!B2:B1312,$A14,'Total Cases'!C2:C1312,"Central Luzon"),0)} -> 37.108176 | E14: {=_xlfn.IFERROR(_xlfn.SUMIFS('Total Cases'!F2:F1312,'Total Cases'!A2:A1312,E$3,'Total Cases'!B2:B1312,$A14,'Total Cases'!C2:C1312,"Central Luzon"),0)} -> 0 | F14: {=_xlfn.IFERROR(_xlfn.SUMIFS('Total Cases'!F2:F1312,'Total Cases'!A2:A1312,F$3,'Total Cases'!B2:B1312,$A14,'Total Cases'!C2:C1312,"Central Luzon"),0)} -> 68.219223 | G14: {=_xlfn.IFERROR(_xlfn.SUMIFS('Total Cases'!F2:F1312,'Total Cases'!A2:A1312,G$3,'Total Cases'!B2:B1312,$A14,'Total Cases'!C2:C1312,"Central Luzon"),0)} -> 0 | H14: {=_xlfn.IFERROR(_xlfn.SUMIFS('Total Cases'!F2:F1312,'Total Cases'!A2:A1312,H$3,'Total Cases'!B2:B1312,$A14,'Total Cases'!C2:C1312,"Central Luzon"),0)} -> 385.31927 | I14: {=_xlfn.IFERROR(_xlfn.SUMIFS('Total Cases'!F2:F1312,'Total Cases'!A2:A1312,I$3,'Total Cases'!B2:B1312,$A14,'Total Cases'!C2:C1312,"Central Luzon"),0)} -> 0 | J14: {=_xlfn.IFERROR(_xlfn.SUMIFS('Total Cases'!F2:F1312,'Total Cases'!A2:A1312,J$3,'Total Cases'!B2:B1312,$A14,'Total Cases'!C2:C1312,"Central Luzon"),0)} -> 27.863232
A15: December | B15: {=_xlfn.IFERROR(_xlfn.SUMIFS('Total Cases'!F2:F1312,'Total Cases'!A2:A1312,B$3,'Total Cases'!B2:B1312,$A15,'Total Cases'!C2:C1312,"Central Luzon"),0)} -> 139.09712 | C15: {=_xlfn.IFERROR(_xlfn.SUMIFS('Total Cases'!F2:F1312,'Total Cases'!A2:A1312,C$3,'Total Cases'!B2:B1312,$A15,'Total Cases'!C2:C1312,"Central Luzon"),0)} -> 75.8176 | D15: {=_xlfn.IFERROR(_xlfn.SUMIFS('Total Cases'!F2:F1312,'Total Cases'!A2:A1312,D$3,'Total Cases'!B2:B1312,$A15,'Total Cases'!C2:C1312,"Central Luzon"),0)} -> 45.174842 | E15: {=_xlfn.IFERROR(_xlfn.SUMIFS('Total Cases'!F2:F1312,'Total Cases'!A2:A1312,E$3,'Total Cases'!B2:B1312,$A15,'Total Cases'!C2:C1312,"Central Luzon"),0)} -> 0 | F15: {=_xlfn.IFERROR(_xlfn.SUMIFS('Total Cases'!F2:F1312,'Total Cases'!A2:A1312,F$3,'Total Cases'!B2:B1312,$A15,'Total Cases'!C2:C1312,"Central Luzon"),0)} -> 69.155802 | G15: {=_xlfn.IFERROR(_xlfn.SUMIFS('Total Cases'!F2:F1312,'Total Cases'!A2:A1312,G$3,'Total Cases'!B2:B1312,$A15,'Total Cases'!C2:C1312,"Central Luzon"),0)} -> 0 | H15: {=_xlfn.IFERROR(_xlfn.SUMIFS('Total Cases'!F2:F1312,'Total Cases'!A2:A1312,H$3,'Total Cases'!B2:B1312,$A15,'Total Cases'!C2:C1312,"Central Luzon"),0)} -> 387.29062 | I15: {=_xlfn.IFERROR(_xlfn.SUMIFS('Total Cases'!F2:F1312,'Total Cases'!A2:A1312,I$3,'Total Cases'!B2:B1312,$A15,'Total Cases'!C2:C1312,"Central Luzon"),0)} -> 0 | J15: {=_xlfn.IFERROR(_xlfn.SUMIFS('Total Cases'!F2:F1312,'Total Cases'!A2:A1312,J$3,'Total Cases'!B2:B1312,$A15,'Total Cases'!C2:C1312,"Central Luzon"),0)} -> 0

Sheet Chart - Calabarzon
A1: Monthly Incidence Rate (per 100k) by Disease — Calabarzon
A3: Month | B3: Cardiovascular Diseases | C3: Digestive & Metabolic Disorders | D3: Genitourinary & Reproductive Health | E3: Health Services & Screening | F3: Infectious & Parasitic Diseases | G3: Injuries & External Causes | H3: Respiratory Diseases | I3: Symptoms & Other Findings
A4: January | B4: {=_xlfn.IFERROR(_xlfn.SUMIFS('Total Cases'!F2:F1312,'Total Cases'!A2:A1312,B$3,'Total Cases'!B2:B1312,$A4,'Total Cases'!C2:C1312,"Calabarzon"),0)} -> 64.185128 | C4: {=_xlfn.IFERROR(_xlfn.SUMIFS('Total Cases'!F2:F1312,'Total Cases'!A2:A1312,C$3,'Total Cases'!B2:B1312,$A4,'Total Cases'!C2:C1312,"Calabarzon"),0)} -> 19.78536 | D4: {=_xlfn.IFERROR(_xlfn.SUMIFS('Total Cases'!F2:F1312,'Total Cases'!A2:A1312,D$3,'Total Cases'!B2:B1312,$A4,'Total Cases'!C2:C1312,"Calabarzon"),0)} -> 43.638792 | E4: {=_xlfn.IFERROR(_xlfn.SUMIFS('Total Cases'!F2:F1312,'Total Cases'!A2:A1312,E$3,'Total Cases'!B2:B1312,$A4,'Total Cases'!C2:C1312,"Calabarzon"),0)} -> 0 | F4: {=_xlfn.IFERROR(_xlfn.SUMIFS('Total Cases'!F2:F1312,'Total Cases'!A2:A1312,F$3,'Total Cases'!B2:B1312,$A4,'Total Cases'!C2:C1312,"Calabarzon"),0)} -> 18.784077 | G4: {=_xlfn.IFERROR(_xlfn.SUMIFS('Total Cases'!F2:F1312,'Total Cases'!A2:A1312,G$3,'Total Cases'!B2:B1312,$A4,'Total Cases'!C2:C1312,"Calabarzon"),0)} -> 81.561686 | H4: {=_xlfn.IFERROR(_xlfn.SUMIFS('Total Cases'!F2:F1312,'Total Cases'!A2:A1312,H$3,'Total Cases'!B2:B1312,$A4,'Total Cases'!C2:C1312,"Calabarzon"),0)} -> 305.8034 | I4: {=_xlfn.IFERROR(_xlfn.SUMIFS('Total Cases'!F2:F1312,'Total Cases'!A2:A1312,I$3,'Total Cases'!B2:B1312,$A4,'Total Cases'!C2:C1312,"Calabarzon"),0)} -> 44.720178
A5: February | B5: {=_xlfn.IFERROR(_xlfn.SUMIFS('Total Cases'!F2:F1312,'Total Cases'!A2:A1312,B$3,'Total Cases'!B2:B1312,$A5,'Total Cases'!C2:C1312,"Calabarzon"),0)} -> 63.52142 | C5: {=_xlfn.IFERROR(_xlfn.SUMIFS('Total Cases'!F2:F1312,'Total Cases'!A2:A1312,C$3,'Total Cases'!B2:B1312,$A5,'Total Cases'!C2:C1312,"Calabarzon"),0)} -> 20.483398 | D5: {=_xlfn.IFERROR(_xlfn.SUMIFS('Total Cases'!F2:F1312,'Total Cases'!A2:A1312,D$3,'Total Cases'!B2:B1312,$A5,'Total Cases'!C2:C1312,"Calabarzon"),0)} -> 41.973801 | E5: {=_xlfn.IFERROR(_xlfn.SUMIFS('Total Cases'!F2:F1312,'Total Cases'!A2:A1312,E$3,'Total Cases'!B2:B1312,$A5,'Total Cases'!C2:C1312,"Calabarzon"),0)} -> 0 | F5: {=_xlfn.IFERROR(_xlfn.SUMIFS('Total Cases'!F2:F1312,'Total Cases'!A2:A1312,F$3,'Total Cases'!B2:B1312,$A5,'Total Cases'!C2:C1312,"Calabarzon"),0)} -> 17.124807 | G5: {=_xlfn.IFERROR(_xlfn.SUMIFS('Total Cases'!F2:F1312,'Total Cases'!A2:A1312,G$3,'Total Cases'!B2:B1312,$A5,'Total Cases'!C2:C1312,"Calabarzon"),0)} -> 52.953589 | H5: {=_xlfn.IFERROR(_xlfn.SUMIFS('Total Cases'!F2:F1312,'Total Cases'!A2:A1312,H$3,'Total Cases'!B2:B1312,$A5,'Total Cases'!C2:C1312,"Calabarzon"),0)} -> 341.56352 | I5: {=_xlfn.IFERROR(_xlfn.SUMIFS('Total Cases'!F2:F1312,'Total Cases'!A2:A1312,I$3,'Total Cases'!B2:B1312,$A5,'Total Cases'!C2:C1312,"Calabarzon"),0)} -> 61.976583
A6: March | B6: {=_xlfn.IFERROR(_xlfn.SUMIFS('Total Cases'!F2:F1312,'Total Cases'!A2:A1312,B$3,'Total Cases'!B2:B1312,$A6,'Total Cases'!C2:C1312,"Calabarzon"),0)} -> 63.281112 | C6: {=_xlfn.IFERROR(_xlfn.SUMIFS('Total Cases'!F2:F1312,'Total Cases'!A2:A1312,C$3,'Total Cases'!B2:B1312,$A6,'Total Cases'!C2:C1312,"Calabarzon"),0)} -> 20.512006 | D6: {=_xlfn.IFERROR(_xlfn.SUMIFS('Total Cases'!F2:F1312,'Total Cases'!A2:A1312,D$3,'Total Cases'!B2:B1312,$A6,'Total Cases'!C2:C1312,"Calabarzon"),0)} -> 43.501473 | E6: {=_xlfn.IFERROR(_xlfn.SUMIFS('Total Cases'!F2:F1312,'Total Cases'!A2:A1312,E$3,'Total Cases'!B2:B1312,$A6,'Total Cases'!C2:C1312,"Calabarzon"),0)} -> 12.049731 | F6: {=_xlfn.IFERROR(_xlfn.SUMIFS('Total Cases'!F2:F1312,'Total Cases'!A2:A1312,F$3,'Total Cases'!B2:B1312,$A6,'Total Cases'!C2:C1312,"Calabarzon"),0)} -> 17.016096 | G6: {=_xlfn.IFERROR(_xlfn.SUMIFS('Total Cases'!F2:F1312,'Total Cases'!A2:A1312,G$3,'Total Cases'!B2:B1312,$A6,'Total Cases'!C2:C1312,"Calabarzon"),0)} -> 70.404528 | H6: {=_xlfn.IFERROR(_xlfn.SUMIFS('Total Cases'!F2:F1312,'Total Cases'!A2:A1312,H$3,'Total Cases'!B2:B1312,$A6,'Total Cases'!C2:C1312,"Calabarzon"),0)} -> 295.95077 | I6: {=_xlfn.IFERROR(_xlfn.SUMIFS('Total Cases'!F2:F1312,'Total Cases'!A2:A1312,I$3,'Total Cases'!B2:B1312,$A6,'Total Cases'!C2:C1312,"Calabarzon"),0)} -> 41.378752
A7: April | B7: {=_xlfn.IFERROR(_xlfn.SUMIFS('Total Cases'!F2:F1312,'Total Cases'!A2:A1312,B$3,'Total Cases'!B2:B1312,$A7,'Total Cases'!C2:C1312,"Calabarzon"),0)} -> 670.28773 | C7: {=_xlfn.IFERROR(_xlfn.SUMIFS('Total Cases'!F2:F1312,'Total Cases'!A2:A1312,C$3,'Total Cases'!B2:B1312,$A7,'Total Cases'!C2:C1312,"Calabarzon"),0)} -> 205.63501 | D7: {=_xlfn.IFERROR(_xlfn.SUMIFS('Total Cases'!F2:F1312,'Total Cases'!A2:A1312,D$3,'Total Cases'!B2:B1312,$A7,'Total Cases'!C2:C1312,"Calabarzon"),0)} -> 521.55423 | E7: {=_xlfn.IFERROR(_xlfn.SUMIFS('Total Cases'!F2:F1312,'Total Cases'!A2:A1312,E$3,'Total Cases'!B2:B1312,$A7,'Total Cases'!C2:C1312,"Calabarzon"),0)} -> 0 | F7: {=_xlfn.IFERROR(_xlfn.SUMIFS('Total Cases'!F2:F1312,'Total Cases'!A2:A1312,F$3,'Total Cases'!B2:B1312,$A7,'Total Cases'!C2:C1312,"Calabarzon"),0)} -> 184.95135 | G7: {=_xlfn.IFERROR(_xlfn.SUMIFS('Total Cases'!F2:F1312,'Total Cases'!A2:A1312,G$3,'Total Cases'!B2:B1312,$A7,'Total Cases'!C2:C1312,"Calabarzon"),0)} -> 881.24384 | H7: {=_xlfn.IFERROR(_xlfn.SUMIFS('Total Cases'!F2:F1312,'Total Cases'!A2:A1312,H$3,'Total Cases'!B2:B1312,$A7,'Total Cases'!C2:C1312,"Calabarzon"),0)} -> 3288.0145 | I7: {=_xlfn.IFERROR(_xlfn.SUMIFS('Total Cases'!F2:F1312,'Total Cases'!A2:A1312,I$3,'Total Cases'!B2:B1312,$A7,'Total Cases'!C2:C1312,"Calabarzon"),0)} -> 470.66042
A8: May | B8: {=_xlfn.IFERROR(_xlfn.SUMIFS('Total Cases'!F2:F1312,'Total Cases'!A2:A1312,B$3,'Total Cases'!B2:B1312,$A8,'Total Cases'!C2:C1312,"Calabarzon"),0)} -> 44.90327 | C8: {=_xlfn.IFERROR(_xlfn.SUMIFS('Total Cases'!F2:F1312,'Total Cases'!A2:A1312,C$3,'Total Cases'!B2:B1312,$A8,'Total Cases'!C2:C1312,"Calabarzon"),0)} -> 14.37843 | D8: {=_xlfn.IFERROR(_xlfn.SUMIFS('Total Cases'!F2:F1312,'Total Cases'!A2:A1312,D$3,'Total Cases'!B2:B1312,$A8,'Total Cases'!C2:C1312,"Calabarzon"),0)} -> 32.109729 | E8: {=_xlfn.IFERROR(_xlfn.SUMIFS('Total Cases'!F2:F1312,'Total Cases'!A2:A1312,E$3,'Total Cases'!B2:B1312,$A8,'Total Cases'!C2:C1312,"Calabarzon"),0)} -> 0 | F8: {=_xlfn.IFERROR(_xlfn.SUMIFS('Total Cases'!F2:F1312,'Total Cases'!A2:A1312,F$3,'Total Cases'!B2:B1312,$A8,'Total Cases'!C2:C1312,"Calabarzon"),0)} -> 10.453399 | G8: {=_xlfn.IFERROR(_xlfn.SUMIFS('Total Cases'!F2:F1312,'Total Cases'!A2:A1312,G$3,'Total Cases'!B2:B1312,$A8,'Total Cases'!C2:C1312,"Calabarzon"),0)} -> 83.438377 | H8: {=_xlfn.IFERROR(_xlfn.SUMIFS('Total Cases'!F2:F1312,'Total Cases'!A2:A1312,H$3,'Total Cases'!B2:B1312,$A8,'Total Cases'!C2:C1312,"Calabarzon"),0)} -> 197.3501 | I8: {=_xlfn.IFERROR(_xlfn.SUMIFS('Total Cases'!F2:F1312,'Total Cases'!A2:A1312,I$3,'Total Cases'!B2:B1312,$A8,'Total Cases'!C2:C1312,"Calabarzon"),0)} -> 30.192986
A9: June | B9: {=_xlfn.IFERROR(_xlfn.SUMIFS('Total Cases'!F2:F1312,'Total Cases'!A2:A1312,B$3,'Total Cases'!B2:B1312,$A9,'Total Cases'!C2:C1312,"Calabarzon"),0)} -> 62.485807 | C9: {=_xlfn.IFERROR(_xlfn.SUMIFS('Total Cases'!F2:F1312,'Total Cases'!A2:A1312,C$3,'Total Cases'!B2:B1312,$A9,'Total Cases'!C2:C1312,"Calabarzon"),0)} -> 20.758036 | D9: {=_xlfn.IFERROR(_xlfn.SUMIFS('Total Cases'!F2:F1312,'Total Cases'!A2:A1312,D$3,'Total Cases'!B2:B1312,$A9,'Total Cases'!C2:C1312,"Calabarzon"),0)} -> 40.228707 | E9: {=_xlfn.IFERROR(_xlfn.SUMIFS('Total Cases'!F2:F1312,'Total Cases'!A2:A1312,E$3,'Total Cases'!B2:B1312,$A9,'Total Cases'!C2:C1312,"Calabarzon"),0)} -> 0 | F9: {=_xlfn.IFERROR(_xlfn.SUMIFS('Total Cases'!F2:F1312,'Total Cases'!A2:A1312,F$3,'Total Cases'!B2:B1312,$A9,'Total Cases'!C2:C1312,"Calabarzon"),0)} -> 11.986793 | G9: {=_xlfn.IFERROR(_xlfn.SUMIFS('Total Cases'!F2:F1312,'Total Cases'!A2:A1312,G$3,'Total Cases'!B2:B1312,$A9,'Total Cases'!C2:C1312,"Calabarzon"),0)} -> 116.77825 | H9: {=_xlfn.IFERROR(_xlfn.SUMIFS('Total Cases'!F2:F1312,'Total Cases'!A2:A1312,H$3,'Total Cases'!B2:B1312,$A9,'Total Cases'!C2:C1312,"Calabarzon"),0)} -> 219.80174 | I9: {=_xlfn.IFERROR(_xlfn.SUMIFS('Total Cases'!F2:F1312,'Total Cases'!A2:A1312,I$3,'Total Cases'!B2:B1312,$A9,'Total Cases'!C2:C1312,"Calabarzon"),0)} -> 33.38565
A10: July | B10: {=_xlfn.IFERROR(_xlfn.SUMIFS('Total Cases'!F2:F1312,'Total Cases'!A2:A1312,B$3,'Total Cases'!B2:B1312,$A10,'Total Cases'!C2:C1312,"Calabarzon"),0)} -> 50.047006 | C10: {=_xlfn.IFERROR(_xlfn.SUMIFS('Total Cases'!F2:F1312,'Total Cases'!A2:A1312,C$3,'Total Cases'!B2:B1312,$A10,'Total Cases'!C2:C1312,"Calabarzon"),0)} -> 17.977329 | D10: {=_xlfn.IFERROR(_xlfn.SUMIFS('Total Cases'!F2:F1312,'Total Cases'!A2:A1312,D$3,'Total Cases'!B2:B1312,$A10,'Total Cases'!C2:C1312,"Calabarzon"),0)} -> 37.385062 | E10: {=_xlfn.IFERROR(_xlfn.SUMIFS('Total Cases'!F2:F1312,'Total Cases'!A2:A1312,E$3,'Total Cases'!B2:B1312,$A10,'Total Cases'!C2:C1312,"Calabarzon"),0)} -> 0 | F10: {=_xlfn.IFERROR(_xlfn.SUMIFS('Total Cases'!F2:F1312,'Total Cases'!A2:A1312,F$3,'Total Cases'!B2:B1312,$A10,'Total Cases'!C2:C1312,"Calabarzon"),0)} -> 15.72301 | G10: {=_xlfn.IFERROR(_xlfn.SUMIFS('Total Cases'!F2:F1312,'Total Cases'!A2:A1312,G$3,'Total Cases'!B2:B1312,$A10,'Total Cases'!C2:C1312,"Calabarzon"),0)} -> 82.122405 | H10: {=_xlfn.IFERROR(_xlfn.SUMIFS('Total Cases'!F2:F1312,'Total Cases'!A2:A1312,H$3,'Total Cases'!B2:B1312,$A10,'Total Cases'!C2:C1312,"Calabarzon"),0)} -> 243.40914 | I10: {=_xlfn.IFERROR(_xlfn.SUMIFS('Total Cases'!F2:F1312,'Total Cases'!A2:A1312,I$3,'Total Cases'!B2:B1312,$A10,'Total Cases'!C2:C1312,"Calabarzon"),0)} -> 32.727664
A11: August | B11: {=_xlfn.IFERROR(_xlfn.SUMIFS('Total Cases'!F2:F1312,'Total Cases'!A2:A1312,B$3,'Total Cases'!B2:B1312,$A11,'Total Cases'!C2:C1312,"Calabarzon"),0)} -> 43.570133 | C11: {=_xlfn.IFERROR(_xlfn.SUMIFS('Total Cases'!F2:F1312,'Total Cases'!A2:A1312,C$3,'Total Cases'!B2:B1312,$A11,'Total Cases'!C2:C1312,"Calabarzon"),0)} -> 14.876211 | D11: {=_xlfn.IFERROR(_xlfn.SUMIFS('Total Cases'!F2:F1312,'Total Cases'!A2:A1312,D$3,'Total Cases'!B2:B1312,$A11,'Total Cases'!C2:C1312,"Calabarzon"),0)} -> 37.831348 | E11: {=_xlfn.IFERROR(_xlfn.SUMIFS('Total Cases'!F2:F1312,'Total Cases'!A2:A1312,E$3,'Total Cases'!B2:B1312,$A11,'Total Cases'!C2:C1312,"Calabarzon"),0)} -> 0 | F11: {=_xlfn.IFERROR(_xlfn.SUMIFS('Total Cases'!F2:F1312,'Total Cases'!A2:A1312,F$3,'Total Cases'!B2:B1312,$A11,'Total Cases'!C2:C1312,"Calabarzon"),0)} -> 13.806268 | G11: {=_xlfn.IFERROR(_xlfn.SUMIFS('Total Cases'!F2:F1312,'Total Cases'!A2:A1312,G$3,'Total Cases'!B2:B1312,$A11,'Total Cases'!C2:C1312,"Calabarzon"),0)} -> 80.983803 | H11: {=_xlfn.IFERROR(_xlfn.SUMIFS('Total Cases'!F2:F1312,'Total Cases'!A2:A1312,H$3,'Total Cases'!B2:B1312,$A11,'Total Cases'!C2:C1312,"Calabarzon"),0)} -> 241.54961 | I11: {=_xlfn.IFERROR(_xlfn.SUMIFS('Total Cases'!F2:F1312,'Total Cases'!A2:A1312,I$3,'Total Cases'!B2:B1312,$A11,'Total Cases'!C2:C1312,"Calabarzon"),0)} -> 29.483505
A12: September | B12: {=_xlfn.IFERROR(_xlfn.SUMIFS('Total Cases'!F2:F1312,'Total Cases'!A2:A1312,B$3,'Total Cases'!B2:B1312,$A12,'Total Cases'!C2:C1312,"Calabarzon"),0)} -> 64.940382 | C12: {=_xlfn.IFERROR(_xlfn.SUMIFS('Total Cases'!F2:F1312,'Total Cases'!A2:A1312,C$3,'Total Cases'!B2:B1312,$A12,'Total Cases'!C2:C1312,"Calabarzon"),0)} -> 21.421743 | D12: {=_xlfn.IFERROR(_xlfn.SUMIFS('Total Cases'!F2:F1312,'Total Cases'!A2:A1312,D$3,'Total Cases'!B2:B1312,$A12,'Total Cases'!C2:C1312,"Calabarzon"),0)} -> 44.674405 | E12: {=_xlfn.IFERROR(_xlfn.SUMIFS('Total Cases'!F2:F1312,'Total Cases'!A2:A1312,E$3,'Total Cases'!B2:B1312,$A12,'Total Cases'!C2:C1312,"Calabarzon"),0)} -> 0 | F12: {=_xlfn.IFERROR(_xlfn.SUMIFS('Total Cases'!F2:F1312,'Total Cases'!A2:A1312,F$3,'Total Cases'!B2:B1312,$A12,'Total Cases'!C2:C1312,"Calabarzon"),0)} -> 20.311749 | G12: {=_xlfn.IFERROR(_xlfn.SUMIFS('Total Cases'!F2:F1312,'Total Cases'!A2:A1312,G$3,'Total Cases'!B2:B1312,$A12,'Total Cases'!C2:C1312,"Calabarzon"),0)} -> 59.562059 | H12: {=_xlfn.IFERROR(_xlfn.SUMIFS('Total Cases'!F2:F1312,'Total Cases'!A2:A1312,H$3,'Total Cases'!B2:B1312,$A12,'Total Cases'!C2:C1312,"Calabarzon"),0)} -> 396.59978 | I12: {=_xlfn.IFERROR(_xlfn.SUMIFS('Total Cases'!F2:F1312,'Total Cases'!A2:A1312,I$3,'Total Cases'!B2:B1312,$A12,'Total Cases'!C2:C1312,"Calabarzon"),0)} -> 38.866961
A13: October | B13: {=_xlfn.IFERROR(_xlfn.SUMIFS('Total Cases'!F2:F1312,'Total Cases'!A2:A1312,B$3,'Total Cases'!B2:B1312,$A13,'Total Cases'!C2:C1312,"Calabarzon"),0)} -> 55.837285 | C13: {=_xlfn.IFERROR(_xlfn.SUMIFS('Total Cases'!F2:F1312,'Total Cases'!A2:A1312,C$3,'Total Cases'!B2:B1312,$A13,'Total Cases'!C2:C1312,"Calabarzon"),0)} -> 20.84386 | D13: {=_xlfn.IFERROR(_xlfn.SUMIFS('Total Cases'!F2:F1312,'Total Cases'!A2:A1312,D$3,'Total Cases'!B2:B1312,$A13,'Total Cases'!C2:C1312,"Calabarzon"),0)} -> 43.747503 | E13: {=_xlfn.IFERROR(_xlfn.SUMIFS('Total Cases'!F2:F1312,'Total Cases'!A2:A1312,E$3,'Total Cases'!B2:B1312,$A13,'Total Cases'!C2:C1312,"Calabarzon"),0)} -> 0 | F13: {=_xlfn.IFERROR(_xlfn.SUMIFS('Total Cases'!F2:F1312,'Total Cases'!A2:A1312,F$3,'Total Cases'!B2:B1312,$A13,'Total Cases'!C2:C1312,"Calabarzon"),0)} -> 22.783489 | G13: {=_xlfn.IFERROR(_xlfn.SUMIFS('Total Cases'!F2:F1312,'Total Cases'!A2:A1312,G$3,'Total Cases'!B2:B1312,$A13,'Total Cases'!C2:C1312,"Calabarzon"),0)} -> 96.535165 | H13: {=_xlfn.IFERROR(_xlfn.SUMIFS('Total Cases'!F2:F1312,'Total Cases'!A2:A1312,H$3,'Total Cases'!B2:B1312,$A13,'Total Cases'!C2:C1312,"Calabarzon"),0)} -> 411.73918 | I13: {=_xlfn.IFERROR(_xlfn.SUMIFS('Total Cases'!F2:F1312,'Total Cases'!A2:A1312,I$3,'Total Cases'!B2:B1312,$A13,'Total Cases'!C2:C1312,"Calabarzon"),0)} -> 48.914125
A14: November | B14: {=_xlfn.IFERROR(_xlfn.SUMIFS('Total Cases'!F2:F1312,'Total Cases'!A2:A1312,B$3,'Total Cases'!B2:B1312,$A14,'Total Cases'!C2:C1312,"Calabarzon"),0)} -> 41.72205 | C14: {=_xlfn.IFERROR(_xlfn.SUMIFS('Total Cases'!F2:F1312,'Total Cases'!A2:A1312,C$3,'Total Cases'!B2:B1312,$A14,'Total Cases'!C2:C1312,"Calabarzon"),0)} -> 14.899097 | D14: {=_xlfn.IFERROR(_xlfn.SUMIFS('Total Cases'!F2:F1312,'Total Cases'!A2:A1312,D$3,'Total Cases'!B2:B1312,$A14,'Total Cases'!C2:C1312,"Calabarzon"),0)} -> 36.029038 | E14: {=_xlfn.IFERROR(_xlfn.SUMIFS('Total Cases'!F2:F1312,'Total Cases'!A2:A1312,E$3,'Total Cases'!B2:B1312,$A14,'Total Cases'!C2:C1312,"Calabarzon"),0)} -> 0 | F14: {=_xlfn.IFERROR(_xlfn.SUMIFS('Total Cases'!F2:F1312,'Total Cases'!A2:A1312,F$3,'Total Cases'!B2:B1312,$A14,'Total Cases'!C2:C1312,"Calabarzon"),0)} -> 0 | G14: {=_xlfn.IFERROR(_xlfn.SUMIFS('Total Cases'!F2:F1312,'Total Cases'!A2:A1312,G$3,'Total Cases'!B2:B1312,$A14,'Total Cases'!C2:C1312,"Calabarzon"),0)} -> 56.907228 | H14: {=_xlfn.IFERROR(_xlfn.SUMIFS('Total Cases'!F2:F1312,'Total Cases'!A2:A1312,H$3,'Total Cases'!B2:B1312,$A14,'Total Cases'!C2:C1312,"Calabarzon"),0)} -> 253.89114 | I14: {=_xlfn.IFERROR(_xlfn.SUMIFS('Total Cases'!F2:F1312,'Total Cases'!A2:A1312,I$3,'Total Cases'!B2:B1312,$A14,'Total Cases'!C2:C1312,"Calabarzon"),0)} -> 67.1947
A15: December | B15: {=_xlfn.IFERROR(_xlfn.SUMIFS('Total Cases'!F2:F1312,'Total Cases'!A2:A1312,B$3,'Total Cases'!B2:B1312,$A15,'Total Cases'!C2:C1312,"Calabarzon"),0)} -> 36.326562 | C15: {=_xlfn.IFERROR(_xlfn.SUMIFS('Total Cases'!F2:F1312,'Total Cases'!A2:A1312,C$3,'Total Cases'!B2:B1312,$A15,'Total Cases'!C2:C1312,"Calabarzon"),0)} -> 11.477569 | D15: {=_xlfn.IFERROR(_xlfn.SUMIFS('Total Cases'!F2:F1312,'Total Cases'!A2:A1312,D$3,'Total Cases'!B2:B1312,$A15,'Total Cases'!C2:C1312,"Calabarzon"),0)} -> 25.381104 | E15: {=_xlfn.IFERROR(_xlfn.SUMIFS('Total Cases'!F2:F1312,'Total Cases'!A2:A1312,E$3,'Total Cases'!B2:B1312,$A15,'Total Cases'!C2:C1312,"Calabarzon"),0)} -> 0 | F15: {=_xlfn.IFERROR(_xlfn.SUMIFS('Total Cases'!F2:F1312,'Total Cases'!A2:A1312,F$3,'Total Cases'!B2:B1312,$A15,'Total Cases'!C2:C1312,"Calabarzon"),0)} -> 14.37843 | G15: {=_xlfn.IFERROR(_xlfn.SUMIFS('Total Cases'!F2:F1312,'Total Cases'!A2:A1312,G$3,'Total Cases'!B2:B1312,$A15,'Total Cases'!C2:C1312,"Calabarzon"),0)} -> 52.78194 | H15: {=_xlfn.IFERROR(_xlfn.SUMIFS('Total Cases'!F2:F1312,'Total Cases'!A2:A1312,H$3,'Total Cases'!B2:B1312,$A15,'Total Cases'!C2:C1312,"Calabarzon"),0)} -> 227.03958 | I15: {=_xlfn.IFERROR(_xlfn.SUMIFS('Total Cases'!F2:F1312,'Total Cases'!A2:A1312,I$3,'Total Cases'!B2:B1312,$A15,'Total Cases'!C2:C1312,"Calabarzon"),0)} -> 28.344903

Sheet Chart - Mimaropa
A1: Monthly Incidence Rate (per 100k) by Disease — Mimaropa
A3: Month | B3: Cardiovascular Diseases | C3: Digestive & Metabolic Disorders | D3: Genitourinary & Reproductive Health | E3: Health Services & Screening | F3: Infectious & Parasitic Diseases | G3: Injuries & External Causes | H3: Respiratory Diseases | I3: Skin & Soft Tissue Diseases | J3: Symptoms & Other Findings
A4: January | B4: {=_xlfn.IFERROR(_xlfn.SUMIFS('Total Cases'!F2:F1312,'Total Cases'!A2:A1312,B$3,'Total Cases'!B2:B1312,$A4,'Total Cases'!C2:C1312,"Mimaropa"),0)} -> 20.611272 | C4: {=_xlfn.IFERROR(_xlfn.SUMIFS('Total Cases'!F2:F1312,'Total Cases'!A2:A1312,C$3,'Total Cases'!B2:B1312,$A4,'Total Cases'!C2:C1312,"Mimaropa"),0)} -> 0 | D4: {=_xlfn.IFERROR(_xlfn.SUMIFS('Total Cases'!F2:F1312,'Total Cases'!A2:A1312,D$3,'Total Cases'!B2:B1312,$A4,'Total Cases'!C2:C1312,"Mimaropa"),0)} -> 28.987406 | E4: {=_xlfn.IFERROR(_xlfn.SUMIFS('Total Cases'!F2:F1312,'Total Cases'!A2:A1312,E$3,'Total Cases'!B2:B1312,$A4,'Total Cases'!C2:C1312,"Mimaropa"),0)} -> 0 | F4: {=_xlfn.IFERROR(_xlfn.SUMIFS('Total Cases'!F2:F1312,'Total Cases'!A2:A1312,F$3,'Total Cases'!B2:B1312,$A4,'Total Cases'!C2:C1312,"Mimaropa"),0)} -> 18.188176 | G4: {=_xlfn.IFERROR(_xlfn.SUMIFS('Total Cases'!F2:F1312,'Total Cases'!A2:A1312,G$3,'Total Cases'!B2:B1312,$A4,'Total Cases'!C2:C1312,"Mimaropa"),0)} -> 69.103105 | H4: {=_xlfn.IFERROR(_xlfn.SUMIFS('Total Cases'!F2:F1312,'Total Cases'!A2:A1312,H$3,'Total Cases'!B2:B1312,$A4,'Total Cases'!C2:C1312,"Mimaropa"),0)} -> 221.72823 | I4: {=_xlfn.IFERROR(_xlfn.SUMIFS('Total Cases'!F2:F1312,'Total Cases'!A2:A1312,I$3,'Total Cases'!B2:B1312,$A4,'Total Cases'!C2:C1312,"Mimaropa"),0)} -> 0 | J4: {=_xlfn.IFERROR(_xlfn.SUMIFS('Total Cases'!F2:F1312,'Total Cases'!A2:A1312,J$3,'Total Cases'!B2:B1312,$A4,'Total Cases'!C2:C1312,"Mimaropa"),0)} -> 0
A5: February | B5: {=_xlfn.IFERROR(_xlfn.SUMIFS('Total Cases'!F2:F1312,'Total Cases'!A2:A1312,B$3,'Total Cases'!B2:B1312,$A5,'Total Cases'!C2:C1312,"Mimaropa"),0)} -> 42.987516 | C5: {=_xlfn.IFERROR(_xlfn.SUMIFS('Total Cases'!F2:F1312,'Total Cases'!A2:A1312,C$3,'Total Cases'!B2:B1312,$A5,'Total Cases'!C2:C1312,"Mimaropa"),0)} -> 14.000109 | D5: {=_xlfn.IFERROR(_xlfn.SUMIFS('Total Cases'!F2:F1312,'Total Cases'!A2:A1312,D$3,'Total Cases'!B2:B1312,$A5,'Total Cases'!C2:C1312,"Mimaropa"),0)} -> 21.179653 | E5: {=_xlfn.IFERROR(_xlfn.SUMIFS('Total Cases'!F2:F1312,'Total Cases'!A2:A1312,E$3,'Total Cases'!B2:B1312,$A5,'Total Cases'!C2:C1312,"Mimaropa"),0)} -> 39.337914 | F5: {=_xlfn.IFERROR(_xlfn.SUMIFS('Total Cases'!F2:F1312,'Total Cases'!A2:A1312,F$3,'Total Cases'!B2:B1312,$A5,'Total Cases'!C2:C1312,"Mimaropa"),0)} -> 21.53863 | G5: {=_xlfn.IFERROR(_xlfn.SUMIFS('Total Cases'!F2:F1312,'Total Cases'!A2:A1312,G$3,'Total Cases'!B2:B1312,$A5,'Total Cases'!C2:C1312,"Mimaropa"),0)} -> 85.107503 | H5: {=_xlfn.IFERROR(_xlfn.SUMIFS('Total Cases'!F2:F1312,'Total Cases'!A2:A1312,H$3,'Total Cases'!B2:B1312,$A5,'Total Cases'!C2:C1312,"Mimaropa"),0)} -> 148.73621 | I5: {=_xlfn.IFERROR(_xlfn.SUMIFS('Total Cases'!F2:F1312,'Total Cases'!A2:A1312,I$3,'Total Cases'!B2:B1312,$A5,'Total Cases'!C2:C1312,"Mimaropa"),0)} -> 15.645422 | J5: {=_xlfn.IFERROR(_xlfn.SUMIFS('Total Cases'!F2:F1312,'Total Cases'!A2:A1312,J$3,'Total Cases'!B2:B1312,$A5,'Total Cases'!C2:C1312,"Mimaropa"),0)} -> 0
A6: March | B6: {=_xlfn.IFERROR(_xlfn.SUMIFS('Total Cases'!F2:F1312,'Total Cases'!A2:A1312,B$3,'Total Cases'!B2:B1312,$A6,'Total Cases'!C2:C1312,"Mimaropa"),0)} -> 42.538794 | C6: {=_xlfn.IFERROR(_xlfn.SUMIFS('Total Cases'!F2:F1312,'Total Cases'!A2:A1312,C$3,'Total Cases'!B2:B1312,$A6,'Total Cases'!C2:C1312,"Mimaropa"),0)} -> 11.517184 | D6: {=_xlfn.IFERROR(_xlfn.SUMIFS('Total Cases'!F2:F1312,'Total Cases'!A2:A1312,D$3,'Total Cases'!B2:B1312,$A6,'Total Cases'!C2:C1312,"Mimaropa"),0)} -> 30.662633 | E6: {=_xlfn.IFERROR(_xlfn.SUMIFS('Total Cases'!F2:F1312,'Total Cases'!A2:A1312,E$3,'Total Cases'!B2:B1312,$A6,'Total Cases'!C2:C1312,"Mimaropa"),0)} -> 14.059939 | F6: {=_xlfn.IFERROR(_xlfn.SUMIFS('Total Cases'!F2:F1312,'Total Cases'!A2:A1312,F$3,'Total Cases'!B2:B1312,$A6,'Total Cases'!C2:C1312,"Mimaropa"),0)} -> 19.205278 | G6: {=_xlfn.IFERROR(_xlfn.SUMIFS('Total Cases'!F2:F1312,'Total Cases'!A2:A1312,G$3,'Total Cases'!B2:B1312,$A6,'Total Cases'!C2:C1312,"Mimaropa"),0)} -> 88.278468 | H6: {=_xlfn.IFERROR(_xlfn.SUMIFS('Total Cases'!F2:F1312,'Total Cases'!A2:A1312,H$3,'Total Cases'!B2:B1312,$A6,'Total Cases'!C2:C1312,"Mimaropa"),0)} -> 246.31817 | I6: {=_xlfn.IFERROR(_xlfn.SUMIFS('Total Cases'!F2:F1312,'Total Cases'!A2:A1312,I$3,'Total Cases'!B2:B1312,$A6,'Total Cases'!C2:C1312,"Mimaropa"),0)} -> 0 | J6: {=_xlfn.IFERROR(_xlfn.SUMIFS('Total Cases'!F2:F1312,'Total Cases'!A2:A1312,J$3,'Total Cases'!B2:B1312,$A6,'Total Cases'!C2:C1312,"Mimaropa"),0)} -> 0
A7: April | B7: {=_xlfn.IFERROR(_xlfn.SUMIFS('Total Cases'!F2:F1312,'Total Cases'!A2:A1312,B$3,'Total Cases'!B2:B1312,$A7,'Total Cases'!C2:C1312,"Mimaropa"),0)} -> 677.89846 | C7: {=_xlfn.IFERROR(_xlfn.SUMIFS('Total Cases'!F2:F1312,'Total Cases'!A2:A1312,C$3,'Total Cases'!B2:B1312,$A7,'Total Cases'!C2:C1312,"Mimaropa"),0)} -> 0 | D7: {=_xlfn.IFERROR(_xlfn.SUMIFS('Total Cases'!F2:F1312,'Total Cases'!A2:A1312,D$3,'Total Cases'!B2:B1312,$A7,'Total Cases'!C2:C1312,"Mimaropa"),0)} -> 518.21345 | E7: {=_xlfn.IFERROR(_xlfn.SUMIFS('Total Cases'!F2:F1312,'Total Cases'!A2:A1312,E$3,'Total Cases'!B2:B1312,$A7,'Total Cases'!C2:C1312,"Mimaropa"),0)} -> 0 | F7: {=_xlfn.IFERROR(_xlfn.SUMIFS('Total Cases'!F2:F1312,'Total Cases'!A2:A1312,F$3,'Total Cases'!B2:B1312,$A7,'Total Cases'!C2:C1312,"Mimaropa"),0)} -> 344.79757 | G7: {=_xlfn.IFERROR(_xlfn.SUMIFS('Total Cases'!F2:F1312,'Total Cases'!A2:A1312,G$3,'Total Cases'!B2:B1312,$A7,'Total Cases'!C2:C1312,"Mimaropa"),0)} -> 2252.3723 | H7: {=_xlfn.IFERROR(_xlfn.SUMIFS('Total Cases'!F2:F1312,'Total Cases'!A2:A1312,H$3,'Total Cases'!B2:B1312,$A7,'Total Cases'!C2:C1312,"Mimaropa"),0)} -> 4236.7383 | I7: {=_xlfn.IFERROR(_xlfn.SUMIFS('Total Cases'!F2:F1312,'Total Cases'!A2:A1312,I$3,'Total Cases'!B2:B1312,$A7,'Total Cases'!C2:C1312,"Mimaropa"),0)} -> 229.86505 | J7: {=_xlfn.IFERROR(_xlfn.SUMIFS('Total Cases'!F2:F1312,'Total Cases'!A2:A1312,J$3,'Total Cases'!B2:B1312,$A7,'Total Cases'!C2:C1312,"Mimaropa"),0)} -> 0
A8: May | B8: {=_xlfn.IFERROR(_xlfn.SUMIFS('Total Cases'!F2:F1312,'Total Cases'!A2:A1312,B$3,'Total Cases'!B2:B1312,$A8,'Total Cases'!C2:C1312,"Mimaropa"),0)} -> 44.184106 | C8: {=_xlfn.IFERROR(_xlfn.SUMIFS('Total Cases'!F2:F1312,'Total Cases'!A2:A1312,C$3,'Total Cases'!B2:B1312,$A8,'Total Cases'!C2:C1312,"Mimaropa"),0)} -> 0 | D8: {=_xlfn.IFERROR(_xlfn.SUMIFS('Total Cases'!F2:F1312,'Total Cases'!A2:A1312,D$3,'Total Cases'!B2:B1312,$A8,'Total Cases'!C2:C1312,"Mimaropa"),0)} -> 26.803628 | E8: {=_xlfn.IFERROR(_xlfn.SUMIFS('Total Cases'!F2:F1312,'Total Cases'!A2:A1312,E$3,'Total Cases'!B2:B1312,$A8,'Total Cases'!C2:C1312,"Mimaropa"),0)} -> 0 | F8: {=_xlfn.IFERROR(_xlfn.SUMIFS('Total Cases'!F2:F1312,'Total Cases'!A2:A1312,F$3,'Total Cases'!B2:B1312,$A8,'Total Cases'!C2:C1312,"Mimaropa"),0)} -> 33.654109 | G8: {=_xlfn.IFERROR(_xlfn.SUMIFS('Total Cases'!F2:F1312,'Total Cases'!A2:A1312,G$3,'Total Cases'!B2:B1312,$A8,'Total Cases'!C2:C1312,"Mimaropa"),0)} -> 157.56106 | H8: {=_xlfn.IFERROR(_xlfn.SUMIFS('Total Cases'!F2:F1312,'Total Cases'!A2:A1312,H$3,'Total Cases'!B2:B1312,$A8,'Total Cases'!C2:C1312,"Mimaropa"),0)} -> 201.50585 | I8: {=_xlfn.IFERROR(_xlfn.SUMIFS('Total Cases'!F2:F1312,'Total Cases'!A2:A1312,I$3,'Total Cases'!B2:B1312,$A8,'Total Cases'!C2:C1312,"Mimaropa"),0)} -> 26.324992 | J8: {=_xlfn.IFERROR(_xlfn.SUMIFS('Total Cases'!F2:F1312,'Total Cases'!A2:A1312,J$3,'Total Cases'!B2:B1312,$A8,'Total Cases'!C2:C1312,"Mimaropa"),0)} -> 0
A9: June | B9: {=_xlfn.IFERROR(_xlfn.SUMIFS('Total Cases'!F2:F1312,'Total Cases'!A2:A1312,B$3,'Total Cases'!B2:B1312,$A9,'Total Cases'!C2:C1312,"Mimaropa"),0)} -> 42.329391 | C9: {=_xlfn.IFERROR(_xlfn.SUMIFS('Total Cases'!F2:F1312,'Total Cases'!A2:A1312,C$3,'Total Cases'!B2:B1312,$A9,'Total Cases'!C2:C1312,"Mimaropa"),0)} -> 13.521473 | D9: {=_xlfn.IFERROR(_xlfn.SUMIFS('Total Cases'!F2:F1312,'Total Cases'!A2:A1312,D$3,'Total Cases'!B2:B1312,$A9,'Total Cases'!C2:C1312,"Mimaropa"),0)} -> 36.496012 | E9: {=_xlfn.IFERROR(_xlfn.SUMIFS('Total Cases'!F2:F1312,'Total Cases'!A2:A1312,E$3,'Total Cases'!B2:B1312,$A9,'Total Cases'!C2:C1312,"Mimaropa"),0)} -> 0 | F9: {=_xlfn.IFERROR(_xlfn.SUMIFS('Total Cases'!F2:F1312,'Total Cases'!A2:A1312,F$3,'Total Cases'!B2:B1312,$A9,'Total Cases'!C2:C1312,"Mimaropa"),0)} -> 22.465988 | G9: {=_xlfn.IFERROR(_xlfn.SUMIFS('Total Cases'!F2:F1312,'Total Cases'!A2:A1312,G$3,'Total Cases'!B2:B1312,$A9,'Total Cases'!C2:C1312,"Mimaropa"),0)} -> 253.43788 | H9: {=_xlfn.IFERROR(_xlfn.SUMIFS('Total Cases'!F2:F1312,'Total Cases'!A2:A1312,H$3,'Total Cases'!B2:B1312,$A9,'Total Cases'!C2:C1312,"Mimaropa"),0)} -> 159.92433 | I9: {=_xlfn.IFERROR(_xlfn.SUMIFS('Total Cases'!F2:F1312,'Total Cases'!A2:A1312,I$3,'Total Cases'!B2:B1312,$A9,'Total Cases'!C2:C1312,"Mimaropa"),0)} -> 32.008797 | J9: {=_xlfn.IFERROR(_xlfn.SUMIFS('Total Cases'!F2:F1312,'Total Cases'!A2:A1312,J$3,'Total Cases'!B2:B1312,$A9,'Total Cases'!C2:C1312,"Mimaropa"),0)} -> 0
A10: July | B10: {=_xlfn.IFERROR(_xlfn.SUMIFS('Total Cases'!F2:F1312,'Total Cases'!A2:A1312,B$3,'Total Cases'!B2:B1312,$A10,'Total Cases'!C2:C1312,"Mimaropa"),0)} -> 44.632828 | C10: {=_xlfn.IFERROR(_xlfn.SUMIFS('Total Cases'!F2:F1312,'Total Cases'!A2:A1312,C$3,'Total Cases'!B2:B1312,$A10,'Total Cases'!C2:C1312,"Mimaropa"),0)} -> 0 | D10: {=_xlfn.IFERROR(_xlfn.SUMIFS('Total Cases'!F2:F1312,'Total Cases'!A2:A1312,D$3,'Total Cases'!B2:B1312,$A10,'Total Cases'!C2:C1312,"Mimaropa"),0)} -> 34.641297 | E10: {=_xlfn.IFERROR(_xlfn.SUMIFS('Total Cases'!F2:F1312,'Total Cases'!A2:A1312,E$3,'Total Cases'!B2:B1312,$A10,'Total Cases'!C2:C1312,"Mimaropa"),0)} -> 0 | F10: {=_xlfn.IFERROR(_xlfn.SUMIFS('Total Cases'!F2:F1312,'Total Cases'!A2:A1312,F$3,'Total Cases'!B2:B1312,$A10,'Total Cases'!C2:C1312,"Mimaropa"),0)} -> 36.436182 | G10: {=_xlfn.IFERROR(_xlfn.SUMIFS('Total Cases'!F2:F1312,'Total Cases'!A2:A1312,G$3,'Total Cases'!B2:B1312,$A10,'Total Cases'!C2:C1312,"Mimaropa"),0)} -> 186.36898 | H10: {=_xlfn.IFERROR(_xlfn.SUMIFS('Total Cases'!F2:F1312,'Total Cases'!A2:A1312,H$3,'Total Cases'!B2:B1312,$A10,'Total Cases'!C2:C1312,"Mimaropa"),0)} -> 193.24937 | I10: {=_xlfn.IFERROR(_xlfn.SUMIFS('Total Cases'!F2:F1312,'Total Cases'!A2:A1312,I$3,'Total Cases'!B2:B1312,$A10,'Total Cases'!C2:C1312,"Mimaropa"),0)} -> 31.619905 | J10: {=_xlfn.IFERROR(_xlfn.SUMIFS('Total Cases'!F2:F1312,'Total Cases'!A2:A1312,J$3,'Total Cases'!B2:B1312,$A10,'Total Cases'!C2:C1312,"Mimaropa"),0)} -> 0
A11: August | B11: {=_xlfn.IFERROR(_xlfn.SUMIFS('Total Cases'!F2:F1312,'Total Cases'!A2:A1312,B$3,'Total Cases'!B2:B1312,$A11,'Total Cases'!C2:C1312,"Mimaropa"),0)} -> 42.867857 | C11: {=_xlfn.IFERROR(_xlfn.SUMIFS('Total Cases'!F2:F1312,'Total Cases'!A2:A1312,C$3,'Total Cases'!B2:B1312,$A11,'Total Cases'!C2:C1312,"Mimaropa"),0)} -> 0 | D11: {=_xlfn.IFERROR(_xlfn.SUMIFS('Total Cases'!F2:F1312,'Total Cases'!A2:A1312,D$3,'Total Cases'!B2:B1312,$A11,'Total Cases'!C2:C1312,"Mimaropa"),0)} -> 35.658399 | E11: {=_xlfn.IFERROR(_xlfn.SUMIFS('Total Cases'!F2:F1312,'Total Cases'!A2:A1312,E$3,'Total Cases'!B2:B1312,$A11,'Total Cases'!C2:C1312,"Mimaropa"),0)} -> 0 | F11: {=_xlfn.IFERROR(_xlfn.SUMIFS('Total Cases'!F2:F1312,'Total Cases'!A2:A1312,F$3,'Total Cases'!B2:B1312,$A11,'Total Cases'!C2:C1312,"Mimaropa"),0)} -> 32.248115 | G11: {=_xlfn.IFERROR(_xlfn.SUMIFS('Total Cases'!F2:F1312,'Total Cases'!A2:A1312,G$3,'Total Cases'!B2:B1312,$A11,'Total Cases'!C2:C1312,"Mimaropa"),0)} -> 145.02678 | H11: {=_xlfn.IFERROR(_xlfn.SUMIFS('Total Cases'!F2:F1312,'Total Cases'!A2:A1312,H$3,'Total Cases'!B2:B1312,$A11,'Total Cases'!C2:C1312,"Mimaropa"),0)} -> 214.93758 | I11: {=_xlfn.IFERROR(_xlfn.SUMIFS('Total Cases'!F2:F1312,'Total Cases'!A2:A1312,I$3,'Total Cases'!B2:B1312,$A11,'Total Cases'!C2:C1312,"Mimaropa"),0)} -> 0 | J11: {=_xlfn.IFERROR(_xlfn.SUMIFS('Total Cases'!F2:F1312,'Total Cases'!A2:A1312,J$3,'Total Cases'!B2:B1312,$A11,'Total Cases'!C2:C1312,"Mimaropa"),0)} -> 13.431729
A12: September | B12: {=_xlfn.IFERROR(_xlfn.SUMIFS('Total Cases'!F2:F1312,'Total Cases'!A2:A1312,B$3,'Total Cases'!B2:B1312,$A12,'Total Cases'!C2:C1312,"Mimaropa"),0)} -> 33.145558 | C12: {=_xlfn.IFERROR(_xlfn.SUMIFS('Total Cases'!F2:F1312,'Total Cases'!A2:A1312,C$3,'Total Cases'!B2:B1312,$A12,'Total Cases'!C2:C1312,"Mimaropa"),0)} -> 11.068463 | D12: {=_xlfn.IFERROR(_xlfn.SUMIFS('Total Cases'!F2:F1312,'Total Cases'!A2:A1312,D$3,'Total Cases'!B2:B1312,$A12,'Total Cases'!C2:C1312,"Mimaropa"),0)} -> 28.867747 | E12: {=_xlfn.IFERROR(_xlfn.SUMIFS('Total Cases'!F2:F1312,'Total Cases'!A2:A1312,E$3,'Total Cases'!B2:B1312,$A12,'Total Cases'!C2:C1312,"Mimaropa"),0)} -> 0 | F12: {=_xlfn.IFERROR(_xlfn.SUMIFS('Total Cases'!F2:F1312,'Total Cases'!A2:A1312,F$3,'Total Cases'!B2:B1312,$A12,'Total Cases'!C2:C1312,"Mimaropa"),0)} -> 17.889029 | G12: {=_xlfn.IFERROR(_xlfn.SUMIFS('Total Cases'!F2:F1312,'Total Cases'!A2:A1312,G$3,'Total Cases'!B2:B1312,$A12,'Total Cases'!C2:C1312,"Mimaropa"),0)} -> 142.63359 | H12: {=_xlfn.IFERROR(_xlfn.SUMIFS('Total Cases'!F2:F1312,'Total Cases'!A2:A1312,H$3,'Total Cases'!B2:B1312,$A12,'Total Cases'!C2:C1312,"Mimaropa"),0)} -> 205.4546 | I12: {=_xlfn.IFERROR(_xlfn.SUMIFS('Total Cases'!F2:F1312,'Total Cases'!A2:A1312,I$3,'Total Cases'!B2:B1312,$A12,'Total Cases'!C2:C1312,"Mimaropa"),0)} -> 0 | J12: {=_xlfn.IFERROR(_xlfn.SUMIFS('Total Cases'!F2:F1312,'Total Cases'!A2:A1312,J$3,'Total Cases'!B2:B1312,$A12,'Total Cases'!C2:C1312,"Mimaropa"),0)} -> 16.183887
A13: October | B13: {=_xlfn.IFERROR(_xlfn.SUMIFS('Total Cases'!F2:F1312,'Total Cases'!A2:A1312,B$3,'Total Cases'!B2:B1312,$A13,'Total Cases'!C2:C1312,"Mimaropa"),0)} -> 56.269671 | C13: {=_xlfn.IFERROR(_xlfn.SUMIFS('Total Cases'!F2:F1312,'Total Cases'!A2:A1312,C$3,'Total Cases'!B2:B1312,$A13,'Total Cases'!C2:C1312,"Mimaropa"),0)} -> 0 | D13: {=_xlfn.IFERROR(_xlfn.SUMIFS('Total Cases'!F2:F1312,'Total Cases'!A2:A1312,D$3,'Total Cases'!B2:B1312,$A13,'Total Cases'!C2:C1312,"Mimaropa"),0)} -> 38.171239 | E13: {=_xlfn.IFERROR(_xlfn.SUMIFS('Total Cases'!F2:F1312,'Total Cases'!A2:A1312,E$3,'Total Cases'!B2:B1312,$A13,'Total Cases'!C2:C1312,"Mimaropa"),0)} -> 0 | F13: {=_xlfn.IFERROR(_xlfn.SUMIFS('Total Cases'!F2:F1312,'Total Cases'!A2:A1312,F$3,'Total Cases'!B2:B1312,$A13,'Total Cases'!C2:C1312,"Mimaropa"),0)} -> 30.183997 | G13: {=_xlfn.IFERROR(_xlfn.SUMIFS('Total Cases'!F2:F1312,'Total Cases'!A2:A1312,G$3,'Total Cases'!B2:B1312,$A13,'Total Cases'!C2:C1312,"Mimaropa"),0)} -> 132.46257 | H13: {=_xlfn.IFERROR(_xlfn.SUMIFS('Total Cases'!F2:F1312,'Total Cases'!A2:A1312,H$3,'Total Cases'!B2:B1312,$A13,'Total Cases'!C2:C1312,"Mimaropa"),0)} -> 334.56672 | I13: {=_xlfn.IFERROR(_xlfn.SUMIFS('Total Cases'!F2:F1312,'Total Cases'!A2:A1312,I$3,'Total Cases'!B2:B1312,$A13,'Total Cases'!C2:C1312,"Mimaropa"),0)} -> 0 | J13: {=_xlfn.IFERROR(_xlfn.SUMIFS('Total Cases'!F2:F1312,'Total Cases'!A2:A1312,J$3,'Total Cases'!B2:B1312,$A13,'Total Cases'!C2:C1312,"Mimaropa"),0)} -> 0
A14: November | B14: {=_xlfn.IFERROR(_xlfn.SUMIFS('Total Cases'!F2:F1312,'Total Cases'!A2:A1312,B$3,'Total Cases'!B2:B1312,$A14,'Total Cases'!C2:C1312,"Mimaropa"),0)} -> 38.530216 | C14: {=_xlfn.IFERROR(_xlfn.SUMIFS('Total Cases'!F2:F1312,'Total Cases'!A2:A1312,C$3,'Total Cases'!B2:B1312,$A14,'Total Cases'!C2:C1312,"Mimaropa"),0)} -> 0 | D14: {=_xlfn.IFERROR(_xlfn.SUMIFS('Total Cases'!F2:F1312,'Total Cases'!A2:A1312,D$3,'Total Cases'!B2:B1312,$A14,'Total Cases'!C2:C1312,"Mimaropa"),0)} -> 21.299312 | E14: {=_xlfn.IFERROR(_xlfn.SUMIFS('Total Cases'!F2:F1312,'Total Cases'!A2:A1312,E$3,'Total Cases'!B2:B1312,$A14,'Total Cases'!C2:C1312,"Mimaropa"),0)} -> 0 | F14: {=_xlfn.IFERROR(_xlfn.SUMIFS('Total Cases'!F2:F1312,'Total Cases'!A2:A1312,F$3,'Total Cases'!B2:B1312,$A14,'Total Cases'!C2:C1312,"Mimaropa"),0)} -> 16.034313 | G14: {=_xlfn.IFERROR(_xlfn.SUMIFS('Total Cases'!F2:F1312,'Total Cases'!A2:A1312,G$3,'Total Cases'!B2:B1312,$A14,'Total Cases'!C2:C1312,"Mimaropa"),0)} -> 94.231506 | H14: {=_xlfn.IFERROR(_xlfn.SUMIFS('Total Cases'!F2:F1312,'Total Cases'!A2:A1312,H$3,'Total Cases'!B2:B1312,$A14,'Total Cases'!C2:C1312,"Mimaropa"),0)} -> 225.55732 | I14: {=_xlfn.IFERROR(_xlfn.SUMIFS('Total Cases'!F2:F1312,'Total Cases'!A2:A1312,I$3,'Total Cases'!B2:B1312,$A14,'Total Cases'!C2:C1312,"Mimaropa"),0)} -> 0 | J14: {=_xlfn.IFERROR(_xlfn.SUMIFS('Total Cases'!F2:F1312,'Total Cases'!A2:A1312,J$3,'Total Cases'!B2:B1312,$A14,'Total Cases'!C2:C1312,"Mimaropa"),0)} -> 13.700962
A15: December | B15: {=_xlfn.IFERROR(_xlfn.SUMIFS('Total Cases'!F2:F1312,'Total Cases'!A2:A1312,B$3,'Total Cases'!B2:B1312,$A15,'Total Cases'!C2:C1312,"Mimaropa"),0)} -> 33.175473 | C15: {=_xlfn.IFERROR(_xlfn.SUMIFS('Total Cases'!F2:F1312,'Total Cases'!A2:A1312,C$3,'Total Cases'!B2:B1312,$A15,'Total Cases'!C2:C1312,"Mimaropa"),0)} -> 0 | D15: {=_xlfn.IFERROR(_xlfn.SUMIFS('Total Cases'!F2:F1312,'Total Cases'!A2:A1312,D$3,'Total Cases'!B2:B1312,$A15,'Total Cases'!C2:C1312,"Mimaropa"),0)} -> 25.128402 | E15: {=_xlfn.IFERROR(_xlfn.SUMIFS('Total Cases'!F2:F1312,'Total Cases'!A2:A1312,E$3,'Total Cases'!B2:B1312,$A15,'Total Cases'!C2:C1312,"Mimaropa"),0)} -> 0 | F15: {=_xlfn.IFERROR(_xlfn.SUMIFS('Total Cases'!F2:F1312,'Total Cases'!A2:A1312,F$3,'Total Cases'!B2:B1312,$A15,'Total Cases'!C2:C1312,"Mimaropa"),0)} -> 25.786526 | G15: {=_xlfn.IFERROR(_xlfn.SUMIFS('Total Cases'!F2:F1312,'Total Cases'!A2:A1312,G$3,'Total Cases'!B2:B1312,$A15,'Total Cases'!C2:C1312,"Mimaropa"),0)} -> 151.60802 | H15: {=_xlfn.IFERROR(_xlfn.SUMIFS('Total Cases'!F2:F1312,'Total Cases'!A2:A1312,H$3,'Total Cases'!B2:B1312,$A15,'Total Cases'!C2:C1312,"Mimaropa"),0)} -> 269.80126 | I15: {=_xlfn.IFERROR(_xlfn.SUMIFS('Total Cases'!F2:F1312,'Total Cases'!A2:A1312,I$3,'Total Cases'!B2:B1312,$A15,'Total Cases'!C2:C1312,"Mimaropa"),0)} -> 0 | J15: {=_xlfn.IFERROR(_xlfn.SUMIFS('Total Cases'!F2:F1312,'Total Cases'!A2:A1312,J$3,'Total Cases'!B2:B1312,$A15,'Total Cases'!C2:C1312,"Mimaropa"),0)} -> 12.833434

Sheet Chart - Bicol
A1: Monthly Incidence Rate (per 100k) by Disease — Bicol
A3: Month | B3: Cardiovascular Diseases | C3: Digestive & Metabolic Disorders | D3: Genitourinary & Reproductive Health | E3: Health Services & Screening | F3: Injuries & External Causes | G3: No reported data | H3: Respiratory Diseases | I3: Skin & Soft Tissue Diseases | J3: Symptoms & Other Findings
A4: January | B4: {=_xlfn.IFERROR(_xlfn.SUMIFS('Total Cases'!F2:F1312,'Total Cases'!A2:A1312,B$3,'Total Cases'!B2:B1312,$A4,'Total Cases'!C2:C1312,"Bicol"),0)} -> 0 | C4: {=_xlfn.IFERROR(_xlfn.SUMIFS('Total Cases'!F2:F1312,'Total Cases'!A2:A1312,C$3,'Total Cases'!B2:B1312,$A4,'Total Cases'!C2:C1312,"Bicol"),0)} -> 0 | D4: {=_xlfn.IFERROR(_xlfn.SUMIFS('Total Cases'!F2:F1312,'Total Cases'!A2:A1312,D$3,'Total Cases'!B2:B1312,$A4,'Total Cases'!C2:C1312,"Bicol"),0)} -> 0 | E4: {=_xlfn.IFERROR(_xlfn.SUMIFS('Total Cases'!F2:F1312,'Total Cases'!A2:A1312,E$3,'Total Cases'!B2:B1312,$A4,'Total Cases'!C2:C1312,"Bicol"),0)} -> 0 | F4: {=_xlfn.IFERROR(_xlfn.SUMIFS('Total Cases'!F2:F1312,'Total Cases'!A2:A1312,F$3,'Total Cases'!B2:B1312,$A4,'Total Cases'!C2:C1312,"Bicol"),0)} -> 0 | G4: {=_xlfn.IFERROR(_xlfn.SUMIFS('Total Cases'!F2:F1312,'Total Cases'!A2:A1312,G$3,'Total Cases'!B2:B1312,$A4,'Total Cases'!C2:C1312,"Bicol"),0)} -> 0 | H4: {=_xlfn.IFERROR(_xlfn.SUMIFS('Total Cases'!F2:F1312,'Total Cases'!A2:A1312,H$3,'Total Cases'!B2:B1312,$A4,'Total Cases'!C2:C1312,"Bicol"),0)} -> 0 | I4: {=_xlfn.IFERROR(_xlfn.SUMIFS('Total Cases'!F2:F1312,'Total Cases'!A2:A1312,I$3,'Total Cases'!B2:B1312,$A4,'Total Cases'!C2:C1312,"Bicol"),0)} -> 0 | J4: {=_xlfn.IFERROR(_xlfn.SUMIFS('Total Cases'!F2:F1312,'Total Cases'!A2:A1312,J$3,'Total Cases'!B2:B1312,$A4,'Total Cases'!C2:C1312,"Bicol"),0)} -> 0
A5: February | B5: {=_xlfn.IFERROR(_xlfn.SUMIFS('Total Cases'!F2:F1312,'Total Cases'!A2:A1312,B$3,'Total Cases'!B2:B1312,$A5,'Total Cases'!C2:C1312,"Bicol"),0)} -> 0 | C5: {=_xlfn.IFERROR(_xlfn.SUMIFS('Total Cases'!F2:F1312,'Total Cases'!A2:A1312,C$3,'Total Cases'!B2:B1312,$A5,'Total Cases'!C2:C1312,"Bicol"),0)} -> 0 | D5: {=_xlfn.IFERROR(_xlfn.SUMIFS('Total Cases'!F2:F1312,'Total Cases'!A2:A1312,D$3,'Total Cases'!B2:B1312,$A5,'Total Cases'!C2:C1312,"Bicol"),0)} -> 0 | E5: {=_xlfn.IFERROR(_xlfn.SUMIFS('Total Cases'!F2:F1312,'Total Cases'!A2:A1312,E$3,'Total Cases'!B2:B1312,$A5,'Total Cases'!C2:C1312,"Bicol"),0)} -> 0 | F5: {=_xlfn.IFERROR(_xlfn.SUMIFS('Total Cases'!F2:F1312,'Total Cases'!A2:A1312,F$3,'Total Cases'!B2:B1312,$A5,'Total Cases'!C2:C1312,"Bicol"),0)} -> 0 | G5: {=_xlfn.IFERROR(_xlfn.SUMIFS('Total Cases'!F2:F1312,'Total Cases'!A2:A1312,G$3,'Total Cases'!B2:B1312,$A5,'Total Cases'!C2:C1312,"Bicol"),0)} -> 0 | H5: {=_xlfn.IFERROR(_xlfn.SUMIFS('Total Cases'!F2:F1312,'Total Cases'!A2:A1312,H$3,'Total Cases'!B2:B1312,$A5,'Total Cases'!C2:C1312,"Bicol"),0)} -> 0 | I5: {=_xlfn.IFERROR(_xlfn.SUMIFS('Total Cases'!F2:F1312,'Total Cases'!A2:A1312,I$3,'Total Cases'!B2:B1312,$A5,'Total Cases'!C2:C1312,"Bicol"),0)} -> 0 | J5: {=_xlfn.IFERROR(_xlfn.SUMIFS('Total Cases'!F2:F1312,'Total Cases'!A2:A1312,J$3,'Total Cases'!B2:B1312,$A5,'Total Cases'!C2:C1312,"Bicol"),0)} -> 0
A6: March | B6: {=_xlfn.IFERROR(_xlfn.SUMIFS('Total Cases'!F2:F1312,'Total Cases'!A2:A1312,B$3,'Total Cases'!B2:B1312,$A6,'Total Cases'!C2:C1312,"Bicol"),0)} -> 115.77616 | C6: {=_xlfn.IFERROR(_xlfn.SUMIFS('Total Cases'!F2:F1312,'Total Cases'!A2:A1312,C$3,'Total Cases'!B2:B1312,$A6,'Total Cases'!C2:C1312,"Bicol"),0)} -> 38.670208 | D6: {=_xlfn.IFERROR(_xlfn.SUMIFS('Total Cases'!F2:F1312,'Total Cases'!A2:A1312,D$3,'Total Cases'!B2:B1312,$A6,'Total Cases'!C2:C1312,"Bicol"),0)} -> 40.67093 | E6: {=_xlfn.IFERROR(_xlfn.SUMIFS('Total Cases'!F2:F1312,'Total Cases'!A2:A1312,E$3,'Total Cases'!B2:B1312,$A6,'Total Cases'!C2:C1312,"Bicol"),0)} -> 38.795253 | F6: {=_xlfn.IFERROR(_xlfn.SUMIFS('Total Cases'!F2:F1312,'Total Cases'!A2:A1312,F$3,'Total Cases'!B2:B1312,$A6,'Total Cases'!C2:C1312,"Bicol"),0)} -> 62.178693 | G6: {=_xlfn.IFERROR(_xlfn.SUMIFS('Total Cases'!F2:F1312,'Total Cases'!A2:A1312,G$3,'Total Cases'!B2:B1312,$A6,'Total Cases'!C2:C1312,"Bicol"),0)} -> 0 | H6: {=_xlfn.IFERROR(_xlfn.SUMIFS('Total Cases'!F2:F1312,'Total Cases'!A2:A1312,H$3,'Total Cases'!B2:B1312,$A6,'Total Cases'!C2:C1312,"Bicol"),0)} -> 318.44306 | I6: {=_xlfn.IFERROR(_xlfn.SUMIFS('Total Cases'!F2:F1312,'Total Cases'!A2:A1312,I$3,'Total Cases'!B2:B1312,$A6,'Total Cases'!C2:C1312,"Bicol"),0)} -> 0 | J6: {=_xlfn.IFERROR(_xlfn.SUMIFS('Total Cases'!F2:F1312,'Total Cases'!A2:A1312,J$3,'Total Cases'!B2:B1312,$A6,'Total Cases'!C2:C1312,"Bicol"),0)} -> 50.252513
A7: April | B7: {=_xlfn.IFERROR(_xlfn.SUMIFS('Total Cases'!F2:F1312,'Total Cases'!A2:A1312,B$3,'Total Cases'!B2:B1312,$A7,'Total Cases'!C2:C1312,"Bicol"),0)} -> 1731.7188 | C7: {=_xlfn.IFERROR(_xlfn.SUMIFS('Total Cases'!F2:F1312,'Total Cases'!A2:A1312,C$3,'Total Cases'!B2:B1312,$A7,'Total Cases'!C2:C1312,"Bicol"),0)} -> 369.50837 | D7: {=_xlfn.IFERROR(_xlfn.SUMIFS('Total Cases'!F2:F1312,'Total Cases'!A2:A1312,D$3,'Total Cases'!B2:B1312,$A7,'Total Cases'!C2:C1312,"Bicol"),0)} -> 446.17667 | E7: {=_xlfn.IFERROR(_xlfn.SUMIFS('Total Cases'!F2:F1312,'Total Cases'!A2:A1312,E$3,'Total Cases'!B2:B1312,$A7,'Total Cases'!C2:C1312,"Bicol"),0)} -> 0 | F7: {=_xlfn.IFERROR(_xlfn.SUMIFS('Total Cases'!F2:F1312,'Total Cases'!A2:A1312,F$3,'Total Cases'!B2:B1312,$A7,'Total Cases'!C2:C1312,"Bicol"),0)} -> 936.6662 | G7: {=_xlfn.IFERROR(_xlfn.SUMIFS('Total Cases'!F2:F1312,'Total Cases'!A2:A1312,G$3,'Total Cases'!B2:B1312,$A7,'Total Cases'!C2:C1312,"Bicol"),0)} -> 0 | H7: {=_xlfn.IFERROR(_xlfn.SUMIFS('Total Cases'!F2:F1312,'Total Cases'!A2:A1312,H$3,'Total Cases'!B2:B1312,$A7,'Total Cases'!C2:C1312,"Bicol"),0)} -> 3200.6083 | I7: {=_xlfn.IFERROR(_xlfn.SUMIFS('Total Cases'!F2:F1312,'Total Cases'!A2:A1312,I$3,'Total Cases'!B2:B1312,$A7,'Total Cases'!C2:C1312,"Bicol"),0)} -> 560.12404 | J7: {=_xlfn.IFERROR(_xlfn.SUMIFS('Total Cases'!F2:F1312,'Total Cases'!A2:A1312,J$3,'Total Cases'!B2:B1312,$A7,'Total Cases'!C2:C1312,"Bicol"),0)} -> 358.01985
A8: May | B8: {=_xlfn.IFERROR(_xlfn.SUMIFS('Total Cases'!F2:F1312,'Total Cases'!A2:A1312,B$3,'Total Cases'!B2:B1312,$A8,'Total Cases'!C2:C1312,"Bicol"),0)} -> 120.43409 | C8: {=_xlfn.IFERROR(_xlfn.SUMIFS('Total Cases'!F2:F1312,'Total Cases'!A2:A1312,C$3,'Total Cases'!B2:B1312,$A8,'Total Cases'!C2:C1312,"Bicol"),0)} -> 27.197317 | D8: {=_xlfn.IFERROR(_xlfn.SUMIFS('Total Cases'!F2:F1312,'Total Cases'!A2:A1312,D$3,'Total Cases'!B2:B1312,$A8,'Total Cases'!C2:C1312,"Bicol"),0)} -> 28.650966 | E8: {=_xlfn.IFERROR(_xlfn.SUMIFS('Total Cases'!F2:F1312,'Total Cases'!A2:A1312,E$3,'Total Cases'!B2:B1312,$A8,'Total Cases'!C2:C1312,"Bicol"),0)} -> 0 | F8: {=_xlfn.IFERROR(_xlfn.SUMIFS('Total Cases'!F2:F1312,'Total Cases'!A2:A1312,F$3,'Total Cases'!B2:B1312,$A8,'Total Cases'!C2:C1312,"Bicol"),0)} -> 75.011449 | G8: {=_xlfn.IFERROR(_xlfn.SUMIFS('Total Cases'!F2:F1312,'Total Cases'!A2:A1312,G$3,'Total Cases'!B2:B1312,$A8,'Total Cases'!C2:C1312,"Bicol"),0)} -> 0 | H8: {=_xlfn.IFERROR(_xlfn.SUMIFS('Total Cases'!F2:F1312,'Total Cases'!A2:A1312,H$3,'Total Cases'!B2:B1312,$A8,'Total Cases'!C2:C1312,"Bicol"),0)} -> 249.35563 | I8: {=_xlfn.IFERROR(_xlfn.SUMIFS('Total Cases'!F2:F1312,'Total Cases'!A2:A1312,I$3,'Total Cases'!B2:B1312,$A8,'Total Cases'!C2:C1312,"Bicol"),0)} -> 52.925353 | J8: {=_xlfn.IFERROR(_xlfn.SUMIFS('Total Cases'!F2:F1312,'Total Cases'!A2:A1312,J$3,'Total Cases'!B2:B1312,$A8,'Total Cases'!C2:C1312,"Bicol"),0)} -> 0
A9: June | B9: {=_xlfn.IFERROR(_xlfn.SUMIFS('Total Cases'!F2:F1312,'Total Cases'!A2:A1312,B$3,'Total Cases'!B2:B1312,$A9,'Total Cases'!C2:C1312,"Bicol"),0)} -> 118.13639 | C9: {=_xlfn.IFERROR(_xlfn.SUMIFS('Total Cases'!F2:F1312,'Total Cases'!A2:A1312,C$3,'Total Cases'!B2:B1312,$A9,'Total Cases'!C2:C1312,"Bicol"),0)} -> 26.400154 | D9: {=_xlfn.IFERROR(_xlfn.SUMIFS('Total Cases'!F2:F1312,'Total Cases'!A2:A1312,D$3,'Total Cases'!B2:B1312,$A9,'Total Cases'!C2:C1312,"Bicol"),0)} -> 42.499715 | E9: {=_xlfn.IFERROR(_xlfn.SUMIFS('Total Cases'!F2:F1312,'Total Cases'!A2:A1312,E$3,'Total Cases'!B2:B1312,$A9,'Total Cases'!C2:C1312,"Bicol"),0)} -> 0 | F9: {=_xlfn.IFERROR(_xlfn.SUMIFS('Total Cases'!F2:F1312,'Total Cases'!A2:A1312,F$3,'Total Cases'!B2:B1312,$A9,'Total Cases'!C2:C1312,"Bicol"),0)} -> 156.90038 | G9: {=_xlfn.IFERROR(_xlfn.SUMIFS('Total Cases'!F2:F1312,'Total Cases'!A2:A1312,G$3,'Total Cases'!B2:B1312,$A9,'Total Cases'!C2:C1312,"Bicol"),0)} -> 0 | H9: {=_xlfn.IFERROR(_xlfn.SUMIFS('Total Cases'!F2:F1312,'Total Cases'!A2:A1312,H$3,'Total Cases'!B2:B1312,$A9,'Total Cases'!C2:C1312,"Bicol"),0)} -> 240.25859 | I9: {=_xlfn.IFERROR(_xlfn.SUMIFS('Total Cases'!F2:F1312,'Total Cases'!A2:A1312,I$3,'Total Cases'!B2:B1312,$A9,'Total Cases'!C2:C1312,"Bicol"),0)} -> 62.163062 | J9: {=_xlfn.IFERROR(_xlfn.SUMIFS('Total Cases'!F2:F1312,'Total Cases'!A2:A1312,J$3,'Total Cases'!B2:B1312,$A9,'Total Cases'!C2:C1312,"Bicol"),0)} -> 0
A10: July | B10: {=_xlfn.IFERROR(_xlfn.SUMIFS('Total Cases'!F2:F1312,'Total Cases'!A2:A1312,B$3,'Total Cases'!B2:B1312,$A10,'Total Cases'!C2:C1312,"Bicol"),0)} -> 109.39886 | C10: {=_xlfn.IFERROR(_xlfn.SUMIFS('Total Cases'!F2:F1312,'Total Cases'!A2:A1312,C$3,'Total Cases'!B2:B1312,$A10,'Total Cases'!C2:C1312,"Bicol"),0)} -> 33.168222 | D10: {=_xlfn.IFERROR(_xlfn.SUMIFS('Total Cases'!F2:F1312,'Total Cases'!A2:A1312,D$3,'Total Cases'!B2:B1312,$A10,'Total Cases'!C2:C1312,"Bicol"),0)} -> 43.953364 | E10: {=_xlfn.IFERROR(_xlfn.SUMIFS('Total Cases'!F2:F1312,'Total Cases'!A2:A1312,E$3,'Total Cases'!B2:B1312,$A10,'Total Cases'!C2:C1312,"Bicol"),0)} -> 0 | F10: {=_xlfn.IFERROR(_xlfn.SUMIFS('Total Cases'!F2:F1312,'Total Cases'!A2:A1312,F$3,'Total Cases'!B2:B1312,$A10,'Total Cases'!C2:C1312,"Bicol"),0)} -> 120.69982 | G10: {=_xlfn.IFERROR(_xlfn.SUMIFS('Total Cases'!F2:F1312,'Total Cases'!A2:A1312,G$3,'Total Cases'!B2:B1312,$A10,'Total Cases'!C2:C1312,"Bicol"),0)} -> 0 | H10: {=_xlfn.IFERROR(_xlfn.SUMIFS('Total Cases'!F2:F1312,'Total Cases'!A2:A1312,H$3,'Total Cases'!B2:B1312,$A10,'Total Cases'!C2:C1312,"Bicol"),0)} -> 232.03688 | I10: {=_xlfn.IFERROR(_xlfn.SUMIFS('Total Cases'!F2:F1312,'Total Cases'!A2:A1312,I$3,'Total Cases'!B2:B1312,$A10,'Total Cases'!C2:C1312,"Bicol"),0)} -> 68.587256 | J10: {=_xlfn.IFERROR(_xlfn.SUMIFS('Total Cases'!F2:F1312,'Total Cases'!A2:A1312,J$3,'Total Cases'!B2:B1312,$A10,'Total Cases'!C2:C1312,"Bicol"),0)} -> 0
A11: August | B11: {=_xlfn.IFERROR(_xlfn.SUMIFS('Total Cases'!F2:F1312,'Total Cases'!A2:A1312,B$3,'Total Cases'!B2:B1312,$A11,'Total Cases'!C2:C1312,"Bicol"),0)} -> 118.41774 | C11: {=_xlfn.IFERROR(_xlfn.SUMIFS('Total Cases'!F2:F1312,'Total Cases'!A2:A1312,C$3,'Total Cases'!B2:B1312,$A11,'Total Cases'!C2:C1312,"Bicol"),0)} -> 26.290739 | D11: {=_xlfn.IFERROR(_xlfn.SUMIFS('Total Cases'!F2:F1312,'Total Cases'!A2:A1312,D$3,'Total Cases'!B2:B1312,$A11,'Total Cases'!C2:C1312,"Bicol"),0)} -> 42.218363 | E11: {=_xlfn.IFERROR(_xlfn.SUMIFS('Total Cases'!F2:F1312,'Total Cases'!A2:A1312,E$3,'Total Cases'!B2:B1312,$A11,'Total Cases'!C2:C1312,"Bicol"),0)} -> 0 | F11: {=_xlfn.IFERROR(_xlfn.SUMIFS('Total Cases'!F2:F1312,'Total Cases'!A2:A1312,F$3,'Total Cases'!B2:B1312,$A11,'Total Cases'!C2:C1312,"Bicol"),0)} -> 66.086353 | G11: {=_xlfn.IFERROR(_xlfn.SUMIFS('Total Cases'!F2:F1312,'Total Cases'!A2:A1312,G$3,'Total Cases'!B2:B1312,$A11,'Total Cases'!C2:C1312,"Bicol"),0)} -> 0 | H11: {=_xlfn.IFERROR(_xlfn.SUMIFS('Total Cases'!F2:F1312,'Total Cases'!A2:A1312,H$3,'Total Cases'!B2:B1312,$A11,'Total Cases'!C2:C1312,"Bicol"),0)} -> 207.79375 | I11: {=_xlfn.IFERROR(_xlfn.SUMIFS('Total Cases'!F2:F1312,'Total Cases'!A2:A1312,I$3,'Total Cases'!B2:B1312,$A11,'Total Cases'!C2:C1312,"Bicol"),0)} -> 54.144543 | J11: {=_xlfn.IFERROR(_xlfn.SUMIFS('Total Cases'!F2:F1312,'Total Cases'!A2:A1312,J$3,'Total Cases'!B2:B1312,$A11,'Total Cases'!C2:C1312,"Bicol"),0)} -> 25.33727
A12: September | B12: {=_xlfn.IFERROR(_xlfn.SUMIFS('Total Cases'!F2:F1312,'Total Cases'!A2:A1312,B$3,'Total Cases'!B2:B1312,$A12,'Total Cases'!C2:C1312,"Bicol"),0)} -> 125.34212 | C12: {=_xlfn.IFERROR(_xlfn.SUMIFS('Total Cases'!F2:F1312,'Total Cases'!A2:A1312,C$3,'Total Cases'!B2:B1312,$A12,'Total Cases'!C2:C1312,"Bicol"),0)} -> 41.593138 | D12: {=_xlfn.IFERROR(_xlfn.SUMIFS('Total Cases'!F2:F1312,'Total Cases'!A2:A1312,D$3,'Total Cases'!B2:B1312,$A12,'Total Cases'!C2:C1312,"Bicol"),0)} -> 38.654577 | E12: {=_xlfn.IFERROR(_xlfn.SUMIFS('Total Cases'!F2:F1312,'Total Cases'!A2:A1312,E$3,'Total Cases'!B2:B1312,$A12,'Total Cases'!C2:C1312,"Bicol"),0)} -> 0 | F12: {=_xlfn.IFERROR(_xlfn.SUMIFS('Total Cases'!F2:F1312,'Total Cases'!A2:A1312,F$3,'Total Cases'!B2:B1312,$A12,'Total Cases'!C2:C1312,"Bicol"),0)} -> 63.272838 | G12: {=_xlfn.IFERROR(_xlfn.SUMIFS('Total Cases'!F2:F1312,'Total Cases'!A2:A1312,G$3,'Total Cases'!B2:B1312,$A12,'Total Cases'!C2:C1312,"Bicol"),0)} -> 0 | H12: {=_xlfn.IFERROR(_xlfn.SUMIFS('Total Cases'!F2:F1312,'Total Cases'!A2:A1312,H$3,'Total Cases'!B2:B1312,$A12,'Total Cases'!C2:C1312,"Bicol"),0)} -> 249.32437 | I12: {=_xlfn.IFERROR(_xlfn.SUMIFS('Total Cases'!F2:F1312,'Total Cases'!A2:A1312,I$3,'Total Cases'!B2:B1312,$A12,'Total Cases'!C2:C1312,"Bicol"),0)} -> 52.487695 | J12: {=_xlfn.IFERROR(_xlfn.SUMIFS('Total Cases'!F2:F1312,'Total Cases'!A2:A1312,J$3,'Total Cases'!B2:B1312,$A12,'Total Cases'!C2:C1312,"Bicol"),0)} -> 23.961774
A13: October | B13: {=_xlfn.IFERROR(_xlfn.SUMIFS('Total Cases'!F2:F1312,'Total Cases'!A2:A1312,B$3,'Total Cases'!B2:B1312,$A13,'Total Cases'!C2:C1312,"Bicol"),0)} -> 125.81103 | C13: {=_xlfn.IFERROR(_xlfn.SUMIFS('Total Cases'!F2:F1312,'Total Cases'!A2:A1312,C$3,'Total Cases'!B2:B1312,$A13,'Total Cases'!C2:C1312,"Bicol"),0)} -> 25.290378 | D13: {=_xlfn.IFERROR(_xlfn.SUMIFS('Total Cases'!F2:F1312,'Total Cases'!A2:A1312,D$3,'Total Cases'!B2:B1312,$A13,'Total Cases'!C2:C1312,"Bicol"),0)} -> 48.548773 | E13: {=_xlfn.IFERROR(_xlfn.SUMIFS('Total Cases'!F2:F1312,'Total Cases'!A2:A1312,E$3,'Total Cases'!B2:B1312,$A13,'Total Cases'!C2:C1312,"Bicol"),0)} -> 0 | F13: {=_xlfn.IFERROR(_xlfn.SUMIFS('Total Cases'!F2:F1312,'Total Cases'!A2:A1312,F$3,'Total Cases'!B2:B1312,$A13,'Total Cases'!C2:C1312,"Bicol"),0)} -> 47.142015 | G13: {=_xlfn.IFERROR(_xlfn.SUMIFS('Total Cases'!F2:F1312,'Total Cases'!A2:A1312,G$3,'Total Cases'!B2:B1312,$A13,'Total Cases'!C2:C1312,"Bicol"),0)} -> 0 | H13: {=_xlfn.IFERROR(_xlfn.SUMIFS('Total Cases'!F2:F1312,'Total Cases'!A2:A1312,H$3,'Total Cases'!B2:B1312,$A13,'Total Cases'!C2:C1312,"Bicol"),0)} -> 496.21035 | I13: {=_xlfn.IFERROR(_xlfn.SUMIFS('Total Cases'!F2:F1312,'Total Cases'!A2:A1312,I$3,'Total Cases'!B2:B1312,$A13,'Total Cases'!C2:C1312,"Bicol"),0)} -> 27.853803 | J13: {=_xlfn.IFERROR(_xlfn.SUMIFS('Total Cases'!F2:F1312,'Total Cases'!A2:A1312,J$3,'Total Cases'!B2:B1312,$A13,'Total Cases'!C2:C1312,"Bicol"),0)} -> 0
A14: November | B14: {=_xlfn.IFERROR(_xlfn.SUMIFS('Total Cases'!F2:F1312,'Total Cases'!A2:A1312,B$3,'Total Cases'!B2:B1312,$A14,'Total Cases'!C2:C1312,"Bicol"),0)} -> 44.047148 | C14: {=_xlfn.IFERROR(_xlfn.SUMIFS('Total Cases'!F2:F1312,'Total Cases'!A2:A1312,C$3,'Total Cases'!B2:B1312,$A14,'Total Cases'!C2:C1312,"Bicol"),0)} -> 0 | D14: {=_xlfn.IFERROR(_xlfn.SUMIFS('Total Cases'!F2:F1312,'Total Cases'!A2:A1312,D$3,'Total Cases'!B2:B1312,$A14,'Total Cases'!C2:C1312,"Bicol"),0)} -> 15.364921 | E14: {=_xlfn.IFERROR(_xlfn.SUMIFS('Total Cases'!F2:F1312,'Total Cases'!A2:A1312,E$3,'Total Cases'!B2:B1312,$A14,'Total Cases'!C2:C1312,"Bicol"),0)} -> 0 | F14: {=_xlfn.IFERROR(_xlfn.SUMIFS('Total Cases'!F2:F1312,'Total Cases'!A2:A1312,F$3,'Total Cases'!B2:B1312,$A14,'Total Cases'!C2:C1312,"Bicol"),0)} -> 57.895897 | G14: {=_xlfn.IFERROR(_xlfn.SUMIFS('Total Cases'!F2:F1312,'Total Cases'!A2:A1312,G$3,'Total Cases'!B2:B1312,$A14,'Total Cases'!C2:C1312,"Bicol"),0)} -> 0 | H14: {=_xlfn.IFERROR(_xlfn.SUMIFS('Total Cases'!F2:F1312,'Total Cases'!A2:A1312,H$3,'Total Cases'!B2:B1312,$A14,'Total Cases'!C2:C1312,"Bicol"),0)} -> 157.41619 | I14: {=_xlfn.IFERROR(_xlfn.SUMIFS('Total Cases'!F2:F1312,'Total Cases'!A2:A1312,I$3,'Total Cases'!B2:B1312,$A14,'Total Cases'!C2:C1312,"Bicol"),0)} -> 23.571008 | J14: {=_xlfn.IFERROR(_xlfn.SUMIFS('Total Cases'!F2:F1312,'Total Cases'!A2:A1312,J$3,'Total Cases'!B2:B1312,$A14,'Total Cases'!C2:C1312,"Bicol"),0)} -> 13.301676
A15: December | B15: {=_xlfn.IFERROR(_xlfn.SUMIFS('Total Cases'!F2:F1312,'Total Cases'!A2:A1312,B$3,'Total Cases'!B2:B1312,$A15,'Total Cases'!C2:C1312,"Bicol"),0)} -> 83.326951 | C15: {=_xlfn.IFERROR(_xlfn.SUMIFS('Total Cases'!F2:F1312,'Total Cases'!A2:A1312,C$3,'Total Cases'!B2:B1312,$A15,'Total Cases'!C2:C1312,"Bicol"),0)} -> 0 | D15: {=_xlfn.IFERROR(_xlfn.SUMIFS('Total Cases'!F2:F1312,'Total Cases'!A2:A1312,D$3,'Total Cases'!B2:B1312,$A15,'Total Cases'!C2:C1312,"Bicol"),0)} -> 26.853442 | E15: {=_xlfn.IFERROR(_xlfn.SUMIFS('Total Cases'!F2:F1312,'Total Cases'!A2:A1312,E$3,'Total Cases'!B2:B1312,$A15,'Total Cases'!C2:C1312,"Bicol"),0)} -> 0 | F15: {=_xlfn.IFERROR(_xlfn.SUMIFS('Total Cases'!F2:F1312,'Total Cases'!A2:A1312,F$3,'Total Cases'!B2:B1312,$A15,'Total Cases'!C2:C1312,"Bicol"),0)} -> 75.308432 | G15: {=_xlfn.IFERROR(_xlfn.SUMIFS('Total Cases'!F2:F1312,'Total Cases'!A2:A1312,G$3,'Total Cases'!B2:B1312,$A15,'Total Cases'!C2:C1312,"Bicol"),0)} -> 0 | H15: {=_xlfn.IFERROR(_xlfn.SUMIFS('Total Cases'!F2:F1312,'Total Cases'!A2:A1312,H$3,'Total Cases'!B2:B1312,$A15,'Total Cases'!C2:C1312,"Bicol"),0)} -> 252.34108 | I15: {=_xlfn.IFERROR(_xlfn.SUMIFS('Total Cases'!F2:F1312,'Total Cases'!A2:A1312,I$3,'Total Cases'!B2:B1312,$A15,'Total Cases'!C2:C1312,"Bicol"),0)} -> 19.131905 | J15: {=_xlfn.IFERROR(_xlfn.SUMIFS('Total Cases'!F2:F1312,'Total Cases'!A2:A1312,J$3,'Total Cases'!B2:B1312,$A15,'Total Cases'!C2:C1312,"Bicol"),0)} -> 20.444879

Sheet Chart - Western Visayas
A1: Monthly Incidence Rate (per 100k) by Disease — Western Visayas
A3: Month | B3: Cardiovascular Diseases | C3: Digestive & Metabolic Disorders | D3: Genitourinary & Reproductive Health | E3: Infectious & Parasitic Diseases | F3: Injuries & External Causes | G3: Respiratory Diseases | H3: Skin & Soft Tissue Diseases | I3: Symptoms & Other Findings
